PARTNER_NB;PARTNER_NAME_TX;PARTNER_SUPPLEMENT_TX;PARTNER_STREET_TX;PARTNER_ZIP_CD;PARTNER_TOWN_TX;PARTNER_TEL_NB_TX;PARTNER_E_MAIL_TX;PARTNER_LANGUAGE_CD;FIRST_NAME_TX;LAST_NAME_TX;PERSON_FUNCTION_TX;PERSON_LANGUAGE_CD;PERSON_TEL_NB_TX;PERSON_E_MAIL_TX
7000;PMS 7000;;Espace de l'Europe 10;4242;Lausanne;058 463 69 00;;1;Petra;Muster;790'682;;;
7001;PMS 7001;;Espace de l'Europe 10;4242;Lausanne;;;1;Petra;Muster;731'703;;;
7004;PMS 7004;;Espace de l'Europe 10;4242;Lausanne;;;1;Petra;Muster;731'703;;;
7008;PMS 7008;;Espace de l'Europe 10;4242;Lausanne;;lik@bfs.admin.ch;;Petra;Muster;731'703;;;
7011;PMS 7011;;Espace de l'Europe 10;4242;Lausanne;058 463 69 00;;1;Petra;Muster;731'703;;;
7013;PMS 7013;;Espace de l'Europe 10;4242;Lausanne;058 463 69 01;;1;Petra;Muster;731'703;;;
7014;PMS 7014;;Espace de l'Europe 10;4242;Lausanne;058 463 69 02;;1;Petra;Muster;696'979;;;
7017;PMS 7017;;Espace de l'Europe 10;4242;Lausanne;058 463 69 03;;1;Petra;Muster;696'979;;;
7019;PMS 7019;Zusatzname;Espace de l'Europe 10;4242;Lausanne;058 463 69 00;;1;Petra;Muster;706'674;;;
7081;PMS 7081;Zusatzname;Espace de l'Europe 10;4242;Lausanne;058 463 69 01;;1;Petra;Muster;790'682;;;
7082;PMS 7082;Zusatzname;Espace de l'Europe 10;4242;Lausanne;058 463 69 02;;1;Petra;Muster;;1;;
7087;PMS 7087;;Espace de l'Europe 10;4242;Lausanne;058 463 69 03;;1;Petra;Muster;706'674;;;
7088;PMS 7088;Zusatzname;Espace de l'Europe 10;4242;Lausanne;058 463 69 00;;1;Petra;Muster;696'979;;;
7089;PMS 7089;Zusatzname;Espace de l'Europe 10;4242;Lausanne;058 463 69 01;;1;Petra;Muster;696'979;;;
7090;PMS 7090;Zusatzname;Espace de l'Europe 10;4242;Lausanne;058 463 69 02;;1;Petra;Muster;696'979;;;
7091;PMS 7091;Zusatzname;Espace de l'Europe 10;4242;Lausanne;058 463 69 03;;1;Petra;Muster;731'703;;;
7092;PMS 7092;Zusatzname;Espace de l'Europe 10;4242;Lausanne;058 463 69 00;;1;Petra;Muster;790'682;;;
7104;PMS 7104;Zusatzname;Espace de l'Europe 10;4242;Lausanne;058 463 69 01;;1;Petra;Muster;790'682;;;
7250;PMS 7250;;Espace de l'Europe 10;4242;Lausanne;058 463 69 02;;1;Petra;Muster;;1;;
7299;PMS 7299;Zusatzname;Espace de l'Europe 10;4242;Lausanne;058 463 69 03;;1;Petra;Muster;696'979;;;
7301;PMS 7301;;Espace de l'Europe 10;4242;Lausanne;058 463 69 00;;1;Petra;Muster;790'682;;;
7302;PMS 7302;;Espace de l'Europe 10;4242;Lausanne;058 463 69 01;;1;Petra;Muster;731'703;;;
7303;PMS 7303;Zusatzname;Espace de l'Europe 10;4242;Lausanne;058 463 69 02;;1;Petra;Muster;;1;;
7304;PMS 7304;;Espace de l'Europe 10;4242;Lausanne;058 463 69 03;;1;Petra;Muster;731'703;;;
7305;PMS 7305;;Espace de l'Europe 10;4242;Lausanne;058 463 69 00;;1;Petra;Muster;706'674;;;
7306;PMS 7306;;Espace de l'Europe 10;4242;Lausanne;058 463 69 01;;1;Petra;Muster;;1;;
7307;PMS 7307;;Espace de l'Europe 10;4242;Lausanne;058 463 69 02;;1;Petra;Muster;731'703;;;
7308;PMS 7308;Zusatzname;Espace de l'Europe 10;4242;Lausanne;058 463 69 03;;2;Petra;Muster;;;;
7309;PMS 7309;Zusatzname;Espace de l'Europe 10;4242;Lausanne;058 463 69 00;;1;Petra;Muster;696'979;;;
7310;PMS 7310;;Espace de l'Europe 10;4242;Lausanne;058 463 69 01;;1;Petra;Muster;790'682;;;
7311;PMS 7311;;Espace de l'Europe 10;4242;Lausanne;058 463 69 02;;2;Petra;Muster;;;;
7312;PMS 7312;;Espace de l'Europe 10;4242;Lausanne;058 463 69 03;;1;Petra;Muster;706'674;;;
7313;PMS 7313;;Espace de l'Europe 10;4242;Lausanne;058 463 69 00;;1;Petra;Muster;731'703;;;
7314;PMS 7314;;Espace de l'Europe 10;4242;Lausanne;058 463 69 01;;1;Petra;Muster;;1;;
7316;PMS 7316;;Espace de l'Europe 10;1200;Coire;058 463 69 02;;1;Petra;Muster;696'979;;;
7317;PMS 7317;;Espace de l'Europe 10;1200;Coire;058 463 69 03;;1;Petra;Muster;731'703;;;
7319;PMS 7319;;Espace de l'Europe 10;1200;Coire;058 463 69 00;;1;Petra;Muster;731'703;;;
7322;PMS 7322;;Espace de l'Europe 10;1200;Coire;058 463 69 01;;1;Petra;Muster;;1;;
7325;PMS 7325;Zusatzname;Espace de l'Europe 10;1200;Coire;058 463 69 02;lik@bfs.admin.ch;1;Petra;Muster;696'979;;;
7331;PMS 7331;Zusatzname;Espace de l'Europe 10;1200;Coire;058 463 69 03;;1;Petra;Muster;706'674;;;
7333;PMS 7333;;Espace de l'Europe 10;1200;Coire;058 463 69 00;;1;Petra;Muster;696'979;;;
7335;PMS 7335;;Espace de l'Europe 10;1200;Coire;058 463 69 01;;1;Petra;Muster;731'703;;;
7336;PMS 7336;Basel;Espace de l'Europe 10;1200;Coire;058 463 69 02;;1;Petra;Muster;;1;;
7337;PMS 7337;;Espace de l'Europe 10;1200;Coire;058 463 69 03;;1;Petra;Muster;790'682;;;
7338;PMS 7338;;;1200;Coire;058 463 69 00;;1;Petra;Muster;790'682;;;
7339;PMS 7339;;Espace de l'Europe 10;1200;Coire;058 463 69 01;;1;Petra;Muster;696'979;;;
7342;PMS 7342;;Espace de l'Europe 10;1200;Coire;058 463 69 02;;1;Petra;Muster;790'682;;;
7347;PMS 7347;;Espace de l'Europe 10;1200;Coire;058 463 69 03;lik@bfs.admin.ch;1;Petra;Muster;696'979;;;
7349;PMS 7349;;Espace de l'Europe 10;1200;Coire;058 463 69 00;;1;Petra;Muster;731'703;;;
7355;PMS 7355;;Espace de l'Europe 10;1200;Coire;058 463 69 01;lik@bfs.admin.ch;1;Petra;Muster;706'674;;;
7357;PMS 7357;Zusatzname;;1200;Coire;058 463 69 02;;1;Petra;Muster;790'682;;;
7360;PMS 7360;Zusatzname;Espace de l'Europe 10;1200;Coire;058 463 69 03;;1;Hans;Müller;706'674;;;
7369;PMS 7369;;Espace de l'Europe 10;1200;Coire;058 463 69 03;;1;Hans;Müller;706'674;;;
7373;PMS 7373;;Espace de l'Europe 10;1200;Coire;058 463 69 03;;1;Hans;Müller;790'682;;;
7377;PMS 7377;;Espace de l'Europe 10;1200;Coire;058 463 69 03;;1;Hans;Müller;731'703;;;
7384;PMS 7384;;Espace de l'Europe 10;1200;Coire;;;1;Hans;Müller;790'682;;;
7385;PMS 7385;;Espace de l'Europe 10;1200;Coire;;;1;Hans;Müller;790'682;;;
7386;PMS 7386;Zusatzname;Espace de l'Europe 10;1200;Coire;;;1;Hans;Müller;;1;;
7387;PMS 7387;;Espace de l'Europe 10;1200;Coire;058 463 69 00;;1;Hans;Müller;790'682;;;
7388;PMS 7388;Zusatzname;;;;058 463 69 01;info@babyjoe.ch;1;Hans;Müller;731'703;;;
7389;PMS 7389;;Espace de l'Europe 12;1200;Coire;058 463 69 02;;1;Hans;Müller;706'674;;;
7391;PMS 7391;;;;;058 463 69 03;;1;Hans;Müller;731'703;;;
7392;PMS 7392;;Espace de l'Europe 12;1200;Coire;058 463 69 00;;1;Hans;Müller;706'674;;;
7393;PMS 7393;;Espace de l'Europe 12;1200;Coire;058 463 69 01;;1;Hans;Müller;731'703;;;
7399;PMS 7399;;Espace de l'Europe 12;1200;Coire;058 463 69 02;;1;Hans;Müller;;1;;
7402;PMS 7402;Zusatzname;Espace de l'Europe 12;1200;Coire;058 463 69 03;;1;Hans;Müller;;1;;
7403;PMS 7403;;Espace de l'Europe 12;1200;Coire;058 463 69 00;;1;Hans;Müller;;1;;
7407;PMS 7407;;Espace de l'Europe 12;1200;Coire;058 463 69 01;lik@bfs.admin.ch;1;Hans;Müller;731'703;;;
7408;PMS 7408;;Espace de l'Europe 12;1200;Coire;058 463 69 02;;1;Hans;Müller;696'979;;;
7413;PMS 7413;;Espace de l'Europe 12;1200;Coire;058 463 69 03;;1;Hans;Müller;706'674;;;
7414;PMS 7414;;Espace de l'Europe 12;1200;Coire;058 463 69 00;;1;Hans;Müller;;1;;
7416;PMS 7416;;Espace de l'Europe 12;1200;Coire;058 463 69 01;;1;Hans;Müller;696'979;;;
7418;PMS 7418;;Espace de l'Europe 12;1200;Coire;058 463 69 02;;1;Hans;Müller;;1;;
7421;PMS 7421;;Espace de l'Europe 12;1200;Coire;058 463 69 03;;1;Hans;Müller;706'674;;;
7422;PMS 7422;Zusatzname;Espace de l'Europe 12;1200;Coire;058 463 69 00;;1;Hans;Müller;;1;;
7423;PMS 7423;;Espace de l'Europe 12;1200;Coire;058 463 69 01;lik@bfs.admin.ch;1;Hans;Müller;;1;;
7426;PMS 7426;;Espace de l'Europe 12;1200;Coire;058 463 69 02;lik@bfs.admin.ch;1;Hans;Müller;706'674;;;
7451;PMS 7451;;Espace de l'Europe 12;1200;Coire;058 463 69 03;;1;Hans;Müller;696'979;;;
7455;PMS 7455;;Espace de l'Europe 12;1200;Coire;058 463 69 00;lik@bfs.admin.ch;1;Hans;Müller;696'979;;;
7456;PMS 7456;;Espace de l'Europe 12;1200;Coire;058 463 69 01;;1;Hans;Müller;696'979;;;
7457;PMS 7457;;Espace de l'Europe 12;1200;Coire;058 463 69 02;;1;Hans;Müller;731'703;;;
7461;PMS 7461;Zusatzname;Espace de l'Europe 12;1200;Coire;058 463 69 03;;1;Hans;Müller;790'682;;;
7462;PMS 7462;Zusatzname;;1200;Coire;058 463 69 00;;1;Hans;Müller;790'682;;;
7470;PMS 7470;;Espace de l'Europe 12;1200;Coire;058 463 69 01;lik@bfs.admin.ch;1;Hans;Müller;731'703;;;
7476;PMS 7476;;Espace de l'Europe 12;1200;Coire;058 463 69 02;;1;Hans;Müller;790'682;;;
7477;PMS 7477;;Espace de l'Europe 12;1200;Coire;058 463 69 03;;1;Hans;Müller;790'682;;;
7478;PMS 7478;;Espace de l'Europe 12;1200;Coire;058 463 69 00;;1;Hans;Müller;706'674;;;
7479;PMS 7479;;Espace de l'Europe 12;1200;Coire;058 463 69 01;;1;Hans;Müller;706'674;;;
7481;PMS 7481;Zusatzname;Espace de l'Europe 12;1200;Coire;058 463 69 02;;1;Hans;Müller;706'674;;;
7482;PMS 7482;;Espace de l'Europe 12;1200;Coire;058 463 69 03;;1;Hans;Müller;790'682;;;
7483;PMS 7483;;Espace de l'Europe 12;1200;Coire;058 463 69 00;lik@bfs.admin.ch;1;Hans;Müller;790'682;;;
7486;PMS 7486;Zusatzname;Espace de l'Europe 12;1200;Coire;058 463 69 01;;1;Hans;Müller;790'682;;;
7487;PMS 7487;Zusatzname;Espace de l'Europe 12;1200;Coire;058 463 69 02;;1;Hans;Müller;;1;;
7490;PMS 7490;;Espace de l'Europe 12;1200;Coire;058 463 69 03;lik@bfs.admin.ch;1;Hans;Müller;696'979;;;
7492;PMS 7492;;Espace de l'Europe 12;1200;Coire;058 463 69 00;;1;Hans;Müller;731'703;;;
7494;PMS 7494;;Espace de l'Europe 12;1200;Coire;058 463 69 01;;1;Hans;Müller;731'703;;;
7495;PMS 7495;;Espace de l'Europe 12;1200;Coire;058 463 69 02;;1;Hans;Müller;;1;;
7496;PMS 7496;;Espace de l'Europe 12;1200;Coire;058 463 69 03;;1;Hans;Müller;706'674;;;
7497;PMS 7497;;Espace de l'Europe 12;1200;Coire;058 463 69 00;;1;Hans;Müller;696'979;;;
7498;PMS 7498;;Espace de l'Europe 12;1200;Coire;058 463 69 01;;1;Hans;Müller;706'674;;;
7499;PMS 7499;;Espace de l'Europe 12;1200;Coire;058 463 69 02;;1;Hans;Müller;790'682;;;
7500;PMS 7500;;Espace de l'Europe 12;1200;Coire;058 463 69 03;;1;Hans;Müller;731'703;;;
7501;PMS 7501;;Espace de l'Europe 12;1200;Coire;058 463 69 00;;1;Hans;Müller;731'703;;;
7504;PMS 7504;Zusatzname;Espace de l'Europe 12;1200;Coire;058 463 69 01;;1;Hans;Müller;706'674;;;
7505;PMS 7505;Zusatzname;Espace de l'Europe 12;1200;Coire;058 463 69 02;lik@bfs.admin.ch;1;Hans;Müller;731'703;;;
7506;PMS 7506;;Espace de l'Europe 12;1200;Coire;058 463 69 03;lik@bfs.admin.ch;1;Hans;Müller;731'703;;;
7520;PMS 7520;;Espace de l'Europe 12;1200;Coire;;;;Hans;Müller;731'703;;;
7703;PMS 7703;;Espace de l'Europe 12;1200;Coire;;;1;Hans;Müller;731'703;;;
7902;PMS 7902;;Espace de l'Europe 12;1200;Coire;;;1;Hans;Müller;;1;;
7903;PMS 7903;Zusatzname;Espace de l'Europe 12;1200;Coire;;;1;Hans;Müller;;1;;
7904;PMS 7904;Zusatzname;Espace de l'Europe 12;1200;Coire;;;1;Hans;Müller;731'703;;;
7953;PMS 7953;;Espace de l'Europe 12;1200;Coire;;;1;Hans;Müller;706'674;;;
7954;PMS 7954;;Espace de l'Europe 12;1200;Coire;;;1;Hans;Müller;790'682;;;
7960;PMS 7960;;Espace de l'Europe 12;1200;Coire;058 463 69 00;;1;Hans;Müller;706'674;;;
7962;PMS 7962;;Espace de l'Europe 12;1200;Coire;;;1;Nicole;Schmidt;;1;;
7963;PMS 7963;;Espace de l'Europe 12;1200;Coire;;;1;Nicole;Schmidt;706'674;;;
7966;PMS 7966;;Espace de l'Europe 12;1200;Coire;;lik@bfs.admin.ch;1;Nicole;Schmidt;;1;;
8101;PMS 8101;;Espace de l'Europe 12;1200;Coire;058 463 69 00;;2;Nicole;Schmidt;653'724;;;
8103;PMS 8103;;Espace de l'Europe 12;1200;Coire;058 463 69 01;;2;Nicole;Schmidt;;;;
8113;PMS 8113;;Espace de l'Europe 12;1200;Coire;058 463 69 02;;2;Nicole;Schmidt;;;;
8115;PMS 8115;;Espace de l'Europe 12;1200;Coire;058 463 69 03;;2;Nicole;Schmidt;242'231;;;
8116;PMS 8116;;Espace de l'Europe 12;1200;Coire;058 463 69 00;;2;Nicole;Schmidt;242'231;;;
8118;PMS 8118;;Espace de l'Europe 12;1200;Coire;058 463 69 01;lik@bfs.admin.ch;2;Nicole;Schmidt;242'231;;;
8123;PMS 8123;;Espace de l'Europe 12;1200;Coire;058 463 69 02;;2;Nicole;Schmidt;534'828;;;
8125;PMS 8125;;Espace de l'Europe 12;1200;Coire;058 463 69 03;;2;Nicole;Schmidt;;;;
8126;PMS 8126;;Espace de l'Europe 12;1200;Coire;058 463 69 00;;2;Nicole;Schmidt;653'724;;;
8128;PMS 8128;;Espace de l'Europe 12;1200;Coire;058 463 69 01;;2;Nicole;Schmidt;540'622;;;
8138;PMS 8138;;Espace de l'Europe 12;1200;Coire;058 463 69 02;;2;Nicole;Schmidt;;;;
8139;PMS 8139;;Espace de l'Europe 12;1200;Coire;058 463 69 03;;2;Nicole;Schmidt;653'724;;;
8141;PMS 8141;;Espace de l'Europe 12;2564;Neuchâtel;058 463 69 00;;2;Nicole;Schmidt;653'724;;;
8157;PMS 8157;;Espace de l'Europe 12;2564;Neuchâtel;058 463 69 01;;2;Nicole;Schmidt;;;;
8162;PMS 8162;;Espace de l'Europe 12;2564;Neuchâtel;058 463 69 02;;2;Nicole;Schmidt;;;;
8165;PMS 8165;;Espace de l'Europe 12;2564;Neuchâtel;058 463 69 03;;2;Nicole;Schmidt;653'724;;;
8166;PMS 8166;Zusatzname;Espace de l'Europe 12;2564;Neuchâtel;058 463 69 00;;2;Nicole;Schmidt;;;;
8172;PMS 8172;;Espace de l'Europe 12;2564;Neuchâtel;058 463 69 01;;2;Nicole;Schmidt;653'724;;;
8180;PMS 8180;Zusatzname;Espace de l'Europe 12;2564;Neuchâtel;058 463 69 02;;2;Nicole;Schmidt;653'724;;;
8191;PMS 8191;Zusatzname;Espace de l'Europe 12;2564;Neuchâtel;058 463 69 03;;2;Nicole;Schmidt;565'059;;;
8195;PMS 8195;;Espace de l'Europe 12;2564;Neuchâtel;058 463 69 00;;2;Nicole;Schmidt;565'059;;;
8196;PMS 8196;;Espace de l'Europe 12;2564;Neuchâtel;058 463 69 01;;2;Nicole;Schmidt;;;;
8197;PMS 8197;;Espace de l'Europe 12;2564;Neuchâtel;058 463 69 02;;2;Nicole;Schmidt;242'231;;;
8203;PMS 8203;;Espace de l'Europe 12;2564;Neuchâtel;058 463 69 03;;2;Nicole;Schmidt;;;;
8206;PMS 8206;Hans Muster;Espace de l'Europe 12;2564;Neuchâtel;058 463 69 00;;2;Nicole;Schmidt;653'724;;;
8215;PMS 8215;;Espace de l'Europe 12;2564;Neuchâtel;058 463 69 01;;2;Nicole;Schmidt;653'724;;;
8251;PMS 8251;;Espace de l'Europe 12;2564;Neuchâtel;058 463 69 02;;2;Nicole;Schmidt;242'231;;;
8253;PMS 8253;;Espace de l'Europe 12;2564;Neuchâtel;058 463 69 03;;2;Nicole;Schmidt;242'231;;;
8286;PMS 8286;;Espace de l'Europe 12;2564;Neuchâtel;058 463 69 00;;2;Nicole;Schmidt;565'059;;;
8289;PMS 8289;;Espace de l'Europe 12;2564;Neuchâtel;058 463 69 01;;2;Nicole;Schmidt;565'059;;;
8290;PMS 8290;;Espace de l'Europe 12;2564;Neuchâtel;058 463 69 02;;2;Nicole;Schmidt;565'059;;;
8297;PMS 8297;Centre commercial;Espace de l'Europe 12;2564;Neuchâtel;058 463 69 03;;2;Nicole;Schmidt;;;;
8298;PMS 8298;;Espace de l'Europe 12;2564;Neuchâtel;058 463 69 00;;2;Nicole;Schmidt;242'231;;;
8301;PMS 8301;;Espace de l'Europe 12;2564;Neuchâtel;058 463 69 01;;2;Nicole;Schmidt;565'059;;;
8302;PMS 8302;;Espace de l'Europe 12;2564;Neuchâtel;058 463 69 02;lik@bfs.admin.ch;1;Nicole;Schmidt;696'979;;;
8308;PMS 8308;;Espace de l'Europe 12;2564;Neuchâtel;058 463 69 03;;2;Nicole;Schmidt;653'724;;;
8310;PMS 8310;;Espace de l'Europe 12;2564;Neuchâtel;058 463 69 00;;2;Nicole;Schmidt;;;;
8314;PMS 8314;;Espace de l'Europe 12;2564;Neuchâtel;058 463 69 01;;2;Nicole;Schmidt;653'724;;;
8319;PMS 8319;;Espace de l'Europe 12;2564;Neuchâtel;058 463 69 02;lik@bfs.admin.ch;2;Nicole;Schmidt;242'231;;;
8327;PMS 8327;;Espace de l'Europe 12;2564;Neuchâtel;058 463 69 03;lik@bfs.admin.ch;2;Nicole;Schmidt;;;;
8332;PMS 8332;;Espace de l'Europe 12;2564;Neuchâtel;058 463 69 00;;2;Nicole;Schmidt;;;;
8333;PMS 8333;;Espace de l'Europe 12;2564;Neuchâtel;058 463 69 01;;2;Nicole;Schmidt;653'724;;;
8334;PMS 8334;;Espace de l'Europe 12;2564;Neuchâtel;058 463 69 02;;2;Nicole;Schmidt;;;;
8337;PMS 8337;;Espace de l'Europe 12;2564;Neuchâtel;058 463 69 03;;2;Nicole;Schmidt;565'059;;;
8339;PMS 8339;;Espace de l'Europe 12;2564;Neuchâtel;058 463 69 00;;2;Nicole;Schmidt;565'059;;;
8341;PMS 8341;;Espace de l'Europe 12;2564;Neuchâtel;058 463 69 01;lik@bfs.admin.ch;2;Nicole;Schmidt;565'059;;;
8345;PMS 8345;;Espace de l'Europe 12;2564;Neuchâtel;058 463 69 02;;2;Nicole;Schmidt;565'059;;;
8352;PMS 8352;;Espace de l'Europe 12;2564;Neuchâtel;058 463 69 03;;2;Nicole;Schmidt;242'231;;;
8356;PMS 8356;;Espace de l'Europe 12;2564;Neuchâtel;058 463 69 03;;2;Nicole;Schmidt;242'231;;;
8358;PMS 8358;;Espace de l'Europe 12;2564;Neuchâtel;058 463 69 03;;2;Nicole;Schmidt;242'231;;;
8383;PMS 8383;;Espace de l'Europe 12;2564;Neuchâtel;058 463 69 03;;2;Nicole;Schmidt;565'059;;;
8385;PMS 8385;;Espace de l'Europe 12;2564;Neuchâtel;;;2;Nicole;Schmidt;653'724;;;
8396;PMS 8396;Zusatzname;Espace de l'Europe 12;2564;Neuchâtel;;;2;Nicole;Schmidt;242'231;;;
8397;PMS 8397;;Espace de l'Europe 12;2564;Neuchâtel;;;2;Nicole;Schmidt;653'724;;;
8402;PMS 8402;;Espace de l'Europe 12;2564;Neuchâtel;058 463 69 00;;2;Nicole;Schmidt;242'231;;;
8411;PMS 8411;;Espace de l'Europe 12;2564;Neuchâtel;058 463 69 01;;2;Nicole;Schmidt;653'724;;;
8413;PMS 8413;Restaurant;Espace de l'Europe 12;2564;Neuchâtel;058 463 69 02;;2;Nicole;Schmidt;653'724;;;
8414;PMS 8414;;Espace de l'Europe 12;2564;Neuchâtel;058 463 69 03;;2;Nicole;Schmidt;;;;
8420;PMS 8420;;Espace de l'Europe 12;2564;Neuchâtel;058 463 69 00;;2;Peter;Muster;;;;
8450;PMS 8450;;Espace de l'Europe 12;2564;Neuchâtel;058 463 69 01;;2;Peter;Muster;565'059;;;
8451;PMS 8451;;Espace de l'Europe 12;2564;Neuchâtel;058 463 69 02;;2;Peter;Muster;565'059;;;
8452;PMS 8452;;Espace de l'Europe 12;2564;Neuchâtel;058 463 69 03;;2;Peter;Muster;565'059;;;
8453;PMS 8453;;Espace de l'Europe 12;2564;Neuchâtel;058 463 69 00;;2;Peter;Muster;565'059;;;
8457;PMS 8457;;Espace de l'Europe 12;2564;Neuchâtel;058 463 69 01;;2;Peter;Muster;242'231;;;
8459;PMS 8459;;Espace de l'Europe 12;2564;Neuchâtel;058 463 69 02;;2;Peter;Muster;242'231;;;
8460;PMS 8460;;Espace de l'Europe 12;2564;Neuchâtel;058 463 69 03;;2;Peter;Muster;242'231;;;
8461;PMS 8461;;Espace de l'Europe 12;2564;Neuchâtel;058 463 69 00;;2;Peter;Muster;242'231;;;
8466;PMS 8466;Zusatzname;Espace de l'Europe 12;2564;Neuchâtel;058 463 69 01;;2;Peter;Muster;653'724;;;
8470;PMS 8470;;Espace de l'Europe 12;2564;Neuchâtel;058 463 69 02;;2;Peter;Muster;;;;
8472;PMS 8472;;Espace de l'Europe 12;2564;Neuchâtel;058 463 69 03;;2;Peter;Muster;;;;
8474;PMS 8474;;Espace de l'Europe 12;2564;Neuchâtel;058 463 69 00;;2;Peter;Muster;;;;
8477;PMS 8477;;Espace de l'Europe 12;2564;Neuchâtel;058 463 69 01;;2;Peter;Muster;653'724;;;
8481;PMS 8481;;Espace de l'Europe 12;2564;Neuchâtel;058 463 69 02;;2;Peter;Muster;653'724;;;
8486;PMS 8486;;Espace de l'Europe 12;2564;Neuchâtel;058 463 69 03;;2;Peter;Muster;;;;
8487;PMS 8487;;Espace de l'Europe 12;2564;Neuchâtel;058 463 69 00;;2;Peter;Muster;653'724;;;
8500;PMS 8500;;Espace de l'Europe 12;2564;Neuchâtel;058 463 69 01;;2;Peter;Muster;565'059;;;
8503;PMS 8503;;Espace de l'Europe 12;2564;Neuchâtel;058 463 69 02;;2;Peter;Muster;242'231;;;
8507;PMS 8507;;Espace de l'Europe 12;2564;Neuchâtel;058 463 69 03;lik@bfs.admin.ch;2;Peter;Muster;242'231;;;
8508;PMS 8508;;Espace de l'Europe 12;2564;Neuchâtel;058 463 69 00;;2;Peter;Muster;565'059;;;
8514;PMS 8514;;Espace de l'Europe 12;2564;Neuchâtel;058 463 69 01;;2;Peter;Muster;;;;
8516;PMS 8516;Zusatzname;Espace de l'Europe 12;2564;Neuchâtel;058 463 69 02;;2;Peter;Muster;565'059;;;
8517;PMS 8517;;Espace de l'Europe 12;2564;Neuchâtel;058 463 69 03;;2;Peter;Muster;565'059;;;
8518;PMS 8518;Zusatzname;Espace de l'Europe 12;2564;Neuchâtel;058 463 69 00;;2;Peter;Muster;242'231;;;
8519;PMS 8519;;Espace de l'Europe 12;2564;Neuchâtel;058 463 69 01;;2;Peter;Muster;242'231;;;
8520;PMS 8520;Zusatzname;Espace de l'Europe 12;2564;Neuchâtel;058 463 69 02;lik@bfs.admin.ch;1;Peter;Muster;;;;
8522;PMS 8522;Zusatzname;Espace de l'Europe 12;2564;Neuchâtel;058 463 69 03;;2;Peter;Muster;242'231;;;
8523;PMS 8523;;Espace de l'Europe 12;2564;Neuchâtel;058 463 69 00;;2;Peter;Muster;653'724;;;
8525;PMS 8525;;Espace de l'Europe 12;2564;Neuchâtel;058 463 69 01;;2;Peter;Muster;565'059;;;
8530;PMS 8530;;Espace de l'Europe 12;2564;Neuchâtel;058 463 69 02;;2;Peter;Muster;;;;
8532;PMS 8532;;Espace de l'Europe 12;2564;Neuchâtel;058 463 69 03;;2;Peter;Muster;565'059;;;
8535;PMS 8535;;Espace de l'Europe 12;2564;Neuchâtel;058 463 69 00;;2;Peter;Muster;565'059;;;
8537;PMS 8537;;Espace de l'Europe 12;2564;Neuchâtel;058 463 69 01;;2;Peter;Muster;565'059;;;
8539;PMS 8539;;Espace de l'Europe 12;2564;Neuchâtel;058 463 69 02;;2;Peter;Muster;;;;
8540;PMS 8540;;Espace de l'Europe 12;2564;Neuchâtel;058 463 69 03;;2;Peter;Muster;653'724;;;
8542;PMS 8542;;Espace de l'Europe 12;2564;Neuchâtel;058 463 69 00;;1;Peter;Muster;653'724;;;
8543;PMS 8543;;Espace de l'Europe 12;2564;Neuchâtel;058 463 69 01;;2;Peter;Muster;242'231;;;
8544;PMS 8544;Zusatzname;Espace de l'Europe 12;2564;Neuchâtel;058 463 69 02;;2;Peter;Muster;242'231;;;
8546;PMS 8546;;Espace de l'Europe 12;2564;Neuchâtel;058 463 69 03;;2;Peter;Muster;565'059;;;
8548;PMS 8548;;Espace de l'Europe 12;2564;Neuchâtel;058 463 69 00;;2;Peter;Muster;;;;
8550;PMS 8550;Zusatzname;Espace de l'Europe 12;2564;Neuchâtel;058 463 69 01;;2;Peter;Muster;653'724;;;
8551;PMS 8551;;Espace de l'Europe 12;2564;Neuchâtel;058 463 69 02;;2;Peter;Muster;565'059;;;
8553;PMS 8553;restaurant;Espace de l'Europe 12;2564;Neuchâtel;058 463 69 03;;2;Peter;Muster;242'231;;;
8554;PMS 8554;restaurant;Espace de l'Europe 12;2564;Neuchâtel;;;2;Peter;Muster;242'231;;;
8556;PMS 8556;;Espace de l'Europe 12;2564;Neuchâtel;;;2;Peter;Muster;565'059;;;
8557;PMS 8557;Centre Commercial;Espace de l'Europe 12;2564;Neuchâtel;;;2;Peter;Muster;653'724;;;
8560;PMS 8560;;Espace de l'Europe 12;2564;Neuchâtel;;lik@bfs.admin.ch;2;Peter;Muster;;;;
8562;PMS 8562;Zusatzname;Espace de l'Europe 12;2564;Neuchâtel;;;2;Peter;Muster;;;;
8563;PMS 8563;;Espace de l'Europe 12;2564;Neuchâtel;;;2;Peter;Muster;653'724;;;
8564;PMS 8564;;Espace de l'Europe 12;2564;Neuchâtel;;;2;Peter;Muster;653'724;;;
8565;PMS 8565;Centre Commercial;Espace de l'Europe 12;2564;Neuchâtel;058 463 69 00;;2;Peter;Muster;653'724;;;
8566;PMS 8566;Zusatzname;Espace de l'Europe 12;2564;Neuchâtel;;;2;Peter;Muster;653'724;;;
8567;PMS 8567;Zusatzname;Espace de l'Europe 12;2564;Neuchâtel;;;2;Peter;Muster;653'724;;;
8568;PMS 8568;Centre Commercial;Espace de l'Europe 12;2564;Neuchâtel;;;2;Peter;Muster;653'724;;;
8569;PMS 8569;;Espace de l'Europe 12;8561;Fribourg;058 463 69 00;;2;Peter;Muster;242'231;;;
8570;PMS 8570;Zusatzname;Espace de l'Europe 12;8561;Fribourg;058 463 69 01;;2;Peter;Muster;;;;
8571;PMS 8571;;Espace de l'Europe 12;8561;Fribourg;058 463 69 02;;2;Peter;Muster;565'059;;;
8572;PMS 8572;;Espace de l'Europe 12;8561;Fribourg;058 463 69 03;;2;Peter;Muster;;;;
8573;PMS 8573;;Espace de l'Europe 12;8561;Fribourg;058 463 69 00;;2;Peter;Muster;;;;
8575;PMS 8575;;Espace de l'Europe 12;8561;Fribourg;058 463 69 01;;2;Peter;Muster;;;;
9004;PMS 9004;Zusatzname;Espace de l'Europe 12;8561;Fribourg;058 463 69 02;;1;Peter;Muster;534'828;;;
9006;PMS 9006;;Espace de l'Europe 12;8561;Fribourg;058 463 69 03;lik@bfs.admin.ch;1;Peter;Muster;121'651;;;
9008;PMS 9008;;Espace de l'Europe 12;8561;Fribourg;058 463 69 00;;1;Peter;Muster;;;;
9014;PMS 9014;;Espace de l'Europe 12;8561;Fribourg;058 463 69 01;;1;Peter;Muster;121'651;;;
9015;PMS 9015;;Espace de l'Europe 12;8561;Fribourg;058 463 69 02;;1;Peter;Muster;437'871;1;;
9017;PMS 9017;;Espace de l'Europe 12;8561;Fribourg;058 463 69 03;lik@bfs.admin.ch;1;Peter;Muster;731'703;;;
9018;PMS 9018;;Espace de l'Europe 12;8561;Fribourg;058 463 69 00;lik@bfs.admin.ch;1;Peter;Muster;;;;
9027;PMS 9027;;Espace de l'Europe 12;8561;Fribourg;058 463 69 01;;1;Peter;Muster;121'651;;;
9030;PMS 9030;;Espace de l'Europe 12;8561;Fribourg;058 463 69 02;;1;Peter;Muster;534'828;;;
9036;PMS 9036;;Espace de l'Europe 12;8561;Fribourg;058 463 69 03;;1;Peter;Muster;534'828;;;
9038;PMS 9038;;Espace de l'Europe 12;8561;Fribourg;058 463 69 00;;1;Peter;Muster;534'828;;;
9047;PMS 9047;;Espace de l'Europe 12;8561;Fribourg;058 463 69 01;;1;Peter;Muster;121'651;;;
9050;PMS 9050;Zusatzname;Espace de l'Europe 12;8561;Fribourg;058 463 69 02;;1;Peter;Muster;437'871;1;;
9064;PMS 9064;;Espace de l'Europe 12;8561;Fribourg;058 463 69 03;;1;Peter;Muster;121'651;;;
9070;PMS 9070;;Espace de l'Europe 12;8561;Fribourg;058 463 69 00;;1;Peter;Muster;437'871;1;;
9081;PMS 9081;;Espace de l'Europe 12;8561;Fribourg;058 463 69 01;;1;Peter;Muster;;;;
9083;PMS 9083;;Espace de l'Europe 12;8561;Fribourg;058 463 69 02;;1;Peter;Muster;;;;
9089;PMS 9089;Zusatzname;Espace de l'Europe 12;8561;Fribourg;058 463 69 03;;1;Peter;Muster;437'871;1;;
9096;PMS 9096;Zusatzname;Espace de l'Europe 12;8561;Fribourg;058 463 69 00;lik@bfs.admin.ch;1;Peter;Muster;534'828;;;
9107;PMS 9107;;Espace de l'Europe 12;8561;Fribourg;058 463 69 01;;1;Peter;Muster;;;;
9108;PMS 9108;;Espace de l'Europe 12;8561;Fribourg;058 463 69 02;;1;Peter;Muster;534'828;;;
9112;PMS 9112;Zusatzname;Espace de l'Europe 12;8561;Fribourg;058 463 69 03;;1;Peter;Muster;437'871;1;;
9116;PMS 9116;;Espace de l'Europe 12;8561;Fribourg;058 463 69 00;;1;Peter;Muster;534'828;;;
9117;PMS 9117;;Espace de l'Europe 12;8561;Fribourg;058 463 69 01;;1;Peter;Muster;696'979;;;
9121;PMS 9121;;Espace de l'Europe 12;8561;Fribourg;058 463 69 02;;1;Peter;Muster;534'828;;;
9122;PMS 9122;;Espace de l'Europe 12;8561;Fribourg;058 463 69 03;;1;Peter;Muster;437'871;1;;
9124;PMS 9124;;Espace de l'Europe 12;8561;Fribourg;058 463 69 00;;1;Peter;Muster;437'871;1;;
9141;PMS 9141;Zusatzname;Espace de l'Europe 12;8561;Fribourg;058 463 69 01;;1;Peter;Muster;534'828;;;
9149;PMS 9149;;Espace de l'Europe 12;8561;Fribourg;058 463 69 02;;1;Peter;Muster;121'651;;;
9152;PMS 9152;;Espace de l'Europe 12;8561;Fribourg;058 463 69 03;;1;Peter;Muster;437'871;1;;
9154;PMS 9154;;Espace de l'Europe 12;8561;Fribourg;058 463 69 00;;1;Peter;Muster;437'871;1;;
9155;PMS 9155;;Espace de l'Europe 12;8561;Fribourg;058 463 69 01;;1;Peter;Muster;534'828;;;
9156;PMS 9156;;Espace de l'Europe 12;8561;Fribourg;058 463 69 02;;1;Peter;Muster;121'651;;;
9157;PMS 9157;;Espace de l'Europe 12;8561;Fribourg;058 463 69 03;;1;Peter;Muster;534'828;;;
9158;PMS 9158;;Espace de l'Europe 12;8561;Fribourg;058 463 69 00;;1;Peter;Muster;534'828;;;
9159;PMS 9159;Zusatzname;Espace de l'Europe 12;8561;Fribourg;058 463 69 01;;1;Peter;Muster;534'828;;;
9191;PMS 9191;;Espace de l'Europe 12;8561;Fribourg;058 463 69 02;lik@bfs.admin.ch;1;Peter;Muster;437'871;1;;
9211;PMS 9211;;Espace de l'Europe 12;8561;Fribourg;058 463 69 03;;1;Alphonse;Dupont;121'651;;;
9212;PMS 9212;;Espace de l'Europe 12;8561;Fribourg;058 463 69 00;;1;Alphonse;Dupont;437'871;1;;
9215;PMS 9215;Zusatzname;Espace de l'Europe 12;8561;Fribourg;058 463 69 01;;1;Alphonse;Dupont;437'871;1;;
9216;PMS 9216;;Espace de l'Europe 12;8561;Fribourg;058 463 69 02;lik@bfs.admin.ch;1;Alphonse;Dupont;121'651;;;
9219;PMS 9219;Zusatzname;Espace de l'Europe 12;8561;Fribourg;058 463 69 03;;1;Alphonse;Dupont;805'306;;;
9236;PMS 9236;Zusatzname;Espace de l'Europe 12;8561;Fribourg;058 463 69 03;;1;Alphonse;Dupont;121'651;;;
9262;PMS 9262;Zusatzname;Espace de l'Europe 12;8561;Fribourg;058 463 69 03;;1;Alphonse;Dupont;121'651;;;
9266;PMS 9266;;Espace de l'Europe 12;8561;Fribourg;058 463 69 03;lik@bfs.admin.ch;1;Alphonse;Dupont;437'871;1;;
9267;PMS 9267;;Espace de l'Europe 12;8561;Fribourg;;;1;Alphonse;Dupont;;;;
9270;PMS 9270;;Espace de l'Europe 12;8561;Fribourg;;;1;Alphonse;Dupont;534'828;;;
9272;PMS 9272;Zusatzname;Espace de l'Europe 12;8561;Fribourg;;;1;Alphonse;Dupont;534'828;;;
9273;PMS 9273;;Espace de l'Europe 12;8561;Fribourg;058 463 69 00;;1;Alphonse;Dupont;437'871;1;;
9274;PMS 9274;;Espace de l'Europe 12;8561;Fribourg;058 463 69 01;lik@bfs.admin.ch;1;Alphonse;Dupont;534'828;;;
9275;PMS 9275;Zusatzname;Espace de l'Europe 12;8561;Fribourg;058 463 69 02;lik@bfs.admin.ch;1;Alphonse;Dupont;437'871;1;;
9276;PMS 9276;Zusatzname;Espace de l'Europe 12;8561;Fribourg;058 463 69 03;lik@bfs.admin.ch;1;Alphonse;Dupont;121'651;;;
9277;PMS 9277;;Espace de l'Europe 12;8561;Fribourg;058 463 69 00;lik@bfs.admin.ch;1;Alphonse;Dupont;534'828;;;
9278;PMS 9278;;Espace de l'Europe 12;8561;Fribourg;058 463 69 01;;1;Alphonse;Dupont;437'871;1;;
9279;PMS 9279;Zusatzname;Espace de l'Europe 12;8561;Fribourg;058 463 69 02;lik@bfs.admin.ch;1;Alphonse;Dupont;534'828;;;
9280;PMS 9280;;Espace de l'Europe 12;8561;Fribourg;058 463 69 03;lik@bfs.admin.ch;1;Alphonse;Dupont;121'651;;;
9281;PMS 9281;;Espace de l'Europe 12;8561;Fribourg;058 463 69 00;;1;Alphonse;Dupont;534'828;;;
9285;PMS 9285;Zusatzname;Espace de l'Europe 12;8561;Fribourg;058 463 69 01;lik@bfs.admin.ch;1;Alphonse;Dupont;437'871;1;;
9286;PMS 9286;;Espace de l'Europe 12;8561;Fribourg;058 463 69 02;lik@bfs.admin.ch;1;Alphonse;Dupont;;;;
9288;PMS 9288;Zusatzname;Espace de l'Europe 12;8561;Fribourg;058 463 69 03;;1;Alphonse;Dupont;121'651;;;
9319;PMS 9319;;Espace de l'Europe 12;8561;Fribourg;058 463 69 00;;1;Alphonse;Dupont;437'871;1;;
9320;PMS 9320;;Espace de l'Europe 12;8561;Fribourg;058 463 69 01;;1;Alphonse;Dupont;437'871;1;;
9322;PMS 9322;Zusatzname;Espace de l'Europe 12;8561;Fribourg;058 463 69 02;;1;Alphonse;Dupont;534'828;;;
9324;PMS 9324;;Espace de l'Europe 12;8561;Fribourg;058 463 69 03;lik@bfs.admin.ch;1;Alphonse;Dupont;534'828;;;
9325;PMS 9325;;Espace de l'Europe 12;8561;Fribourg;058 463 69 00;lik@bfs.admin.ch;1;Alphonse;Dupont;534'828;;;
9326;PMS 9326;;Espace de l'Europe 12;8561;Fribourg;058 463 69 01;lik@bfs.admin.ch;1;Alphonse;Dupont;534'828;;;
9327;PMS 9327;;Espace de l'Europe 12;8561;Fribourg;058 463 69 02;;1;Alphonse;Dupont;534'828;;;
9328;PMS 9328;;Espace de l'Europe 12;8561;Fribourg;058 463 69 03;lik@bfs.admin.ch;1;Alphonse;Dupont;534'828;;;
9330;PMS 9330;Zusatzname;Espace de l'Europe 12;8561;Fribourg;058 463 69 00;;1;Alphonse;Dupont;437'871;1;;
9334;PMS 9334;;Espace de l'Europe 12;8561;Fribourg;058 463 69 01;;1;Alphonse;Dupont;121'651;;;
9342;PMS 9342;Zusatzname;Espace de l'Europe 12;8561;Fribourg;058 463 69 02;;1;Alphonse;Dupont;437'871;1;;
9343;PMS 9343;;Espace de l'Europe 12;8561;Fribourg;058 463 69 03;;1;Alphonse;Dupont;;;;
9344;PMS 9344;;Espace de l'Europe 12;8561;Fribourg;058 463 69 00;;1;Alphonse;Dupont;;;;
9345;PMS 9345;;Espace de l'Europe 12;8561;Fribourg;058 463 69 01;;1;Alphonse;Dupont;437'871;1;;
9353;PMS 9353;Zusatzname;Espace de l'Europe 12;8561;Fribourg;058 463 69 02;lik@bfs.admin.ch;1;Alphonse;Dupont;121'651;;;
9367;PMS 9367;Zusatzname;Espace de l'Europe 12;8561;Fribourg;058 463 69 03;;1;Alphonse;Dupont;121'651;;;
9368;PMS 9368;;Espace de l'Europe 12;8561;Fribourg;058 463 69 00;;1;Alphonse;Dupont;121'651;;;
9369;PMS 9369;;Espace de l'Europe 12;8561;Fribourg;058 463 69 01;;1;Alphonse;Dupont;121'651;;;
9370;PMS 9370;Zusatzname;Espace de l'Europe 12;8561;Fribourg;058 463 69 02;;1;Alphonse;Dupont;121'651;;;
9371;PMS 9371;Zusatzname;Espace de l'Europe 12;8561;Fribourg;058 463 69 03;;1;Alphonse;Dupont;121'651;;;
9372;PMS 9372;Zusatzname;Espace de l'Europe 12;8561;Fribourg;058 463 69 00;;1;Alphonse;Dupont;437'871;1;;
9373;PMS 9373;;Espace de l'Europe 12;8561;Fribourg;058 463 69 01;;1;Alphonse;Dupont;534'828;;;
9379;PMS 9379;;Espace de l'Europe 12;8561;Fribourg;058 463 69 02;;1;Alphonse;Dupont;534'828;;;
9383;PMS 9383;Zusatzname;Espace de l'Europe 12;8561;Fribourg;058 463 69 03;;1;Alphonse;Dupont;121'651;;;
9397;PMS 9397;;Espace de l'Europe 12;8561;Fribourg;058 463 69 00;;1;Alphonse;Dupont;121'651;;;
9398;PMS 9398;;Espace de l'Europe 12;8561;Fribourg;058 463 69 01;;1;Alphonse;Dupont;534'828;;;
9407;PMS 9407;;Espace de l'Europe 12;8561;Fribourg;058 463 69 02;;1;Alphonse;Dupont;534'828;;;
9433;PMS 9433;Zusatzname;Espace de l'Europe 12;8561;Fribourg;058 463 69 03;lik@bfs.admin.ch;1;Alphonse;Dupont;534'828;;;
9438;PMS 9438;;Espace de l'Europe 12;8561;Fribourg;058 463 69 00;;1;Alphonse;Dupont;121'651;;;
9439;PMS 9439;Zusatzname;Espace de l'Europe 12;8561;Fribourg;058 463 69 01;;1;Alphonse;Dupont;437'871;1;;
9442;PMS 9442;Zusatzname;Espace de l'Europe 12;8561;Fribourg;058 463 69 02;;1;Alphonse;Dupont;534'828;;;
9443;PMS 9443;Zusatzname;Espace de l'Europe 12;8561;Fribourg;058 463 69 03;;1;Alphonse;Dupont;;;;
9446;PMS 9446;Zusatzname;Espace de l'Europe 12;8561;Fribourg;058 463 69 00;lik@bfs.admin.ch;1;Alphonse;Dupont;;;;
9482;PMS 9482;;Espace de l'Europe 12;8561;Fribourg;058 463 69 01;lik@bfs.admin.ch;1;Alphonse;Dupont;731'703;;;
9483;PMS 9483;;Espace de l'Europe 12;8561;Fribourg;058 463 69 02;;1;Alphonse;Dupont;437'871;1;;
9484;PMS 9484;Zusatzname;Espace de l'Europe 12;8561;Fribourg;058 463 69 03;;1;Alphonse;Dupont;534'828;;;
9485;PMS 9485;;Espace de l'Europe 12;8561;Fribourg;;;1;Alphonse;Dupont;534'828;;;
9486;PMS 9486;;Espace de l'Europe 12;8561;Fribourg;;;1;Alphonse;Dupont;534'828;;;
9487;PMS 9487;;Espace de l'Europe 12;8561;Fribourg;;;1;Alphonse;Dupont;534'828;;;
9488;PMS 9488;;Espace de l'Europe 12;8561;Fribourg;;;1;Alphonse;Dupont;;;;
9491;PMS 9491;;Espace de l'Europe 12;8561;Fribourg;;;1;Alphonse;Dupont;534'828;;;
9495;PMS 9495;;Espace de l'Europe 12;8561;Fribourg;;;1;Alphonse;Dupont;121'651;;;
9496;PMS 9496;;Espace de l'Europe 12;8561;Fribourg;;;1;Alphonse;Dupont;121'651;;;
9497;PMS 9497;;Espace de l'Europe 12;8561;Fribourg;058 463 69 00;;1;Alphonse;Dupont;437'871;1;;
9500;PMS 9500;;Espace de l'Europe 12;8561;Fribourg;;;1;Alphonse;Dupont;121'651;;;
9502;PMS 9502;;Espace de l'Europe 12;8561;Fribourg;;;1;Alphonse;Dupont;121'651;;;
9503;PMS 9503;;Espace de l'Europe 12;8561;Fribourg;;;1;Alphonse;Dupont;121'651;;;
9504;PMS 9504;;Espace de l'Europe 12;8561;Fribourg;058 463 69 00;;1;Alphonse;Dupont;121'651;;;
9505;PMS 9505;;Espace de l'Europe 12;8561;Fribourg;058 463 69 01;;1;Alphonse;Dupont;121'651;;;
9507;PMS 9507;Zusatzname;Espace de l'Europe 12;8561;Fribourg;058 463 69 02;;1;Alphonse;Dupont;437'871;1;;
9508;PMS 9508;;Espace de l'Europe 12;8561;Fribourg;058 463 69 03;;1;Alphonse;Dupont;121'651;;;
9510;PMS 9510;Zusatzname;Espace de l'Europe 12;8561;Fribourg;058 463 69 00;;1;Alphonse;Dupont;121'651;;;
9519;PMS 9519;;Espace de l'Europe 12;8561;Fribourg;058 463 69 01;;1;Alphonse;Dupont;121'651;;;
9520;PMS 9520;;Espace de l'Europe 12;8561;Fribourg;058 463 69 02;;1;Alphonse;Dupont;437'871;1;;
9521;PMS 9521;;Espace de l'Europe 12;8561;Fribourg;058 463 69 03;;1;Alphonse;Dupont;;;;
9622;PMS 9622;RFP;Espace de l'Europe 12;8561;Fribourg;058 463 69 00;;1;Alphonse;Dupont;437'871;1;;
9623;PMS 9623;Zusatzname;Espace de l'Europe 12;8561;Fribourg;058 463 69 01;;1;Germaine;Exemple;437'871;1;;
9624;PMS 9624;;Espace de l'Europe 12;8561;Fribourg;058 463 69 02;;1;Germaine;Exemple;534'828;;;
9625;PMS 9625;;Espace de l'Europe 12;8561;Fribourg;058 463 69 03;;1;Germaine;Exemple;534'828;;;
9626;PMS 9626;;Espace de l'Europe 12;8561;Fribourg;058 463 69 00;lik@bfs.admin.ch;1;Germaine;Exemple;121'651;;;
9627;PMS 9627;Zusatzname;Espace de l'Europe 12;8561;Fribourg;058 463 69 01;;1;Germaine;Exemple;534'828;;;
9628;PMS 9628;;Espace de l'Europe 12;8561;Fribourg;058 463 69 02;;1;Germaine;Exemple;121'651;;;
9631;PMS 9631;;Espace de l'Europe 12;8561;Fribourg;058 463 69 03;;1;Germaine;Exemple;534'828;;;
9701;PMS 9701;Zusatzname;Espace de l'Europe 12;8561;Fribourg;058 463 69 00;;1;Germaine;Exemple;;;;
9703;PMS 9703;;Espace de l'Europe 12;8561;Fribourg;058 463 69 01;;1;Germaine;Exemple;;;;
9738;PMS 9738;Zusatzname;Espace de l'Europe 12;8561;Fribourg;058 463 69 02;;1;Germaine;Exemple;121'651;;;
9810;PMS 9810;;Espace de l'Europe 12;8561;Fribourg;058 463 69 03;;1;Germaine;Exemple;;;;
9826;PMS 9826;;Espace de l'Europe 12;8561;Fribourg;058 463 69 00;;1;Germaine;Exemple;;;;
9949;PMS 9949;;Espace de l'Europe 12;8561;Fribourg;058 463 69 01;;1;Germaine;Exemple;437'871;1;;
9952;PMS 9952;Zusatzname;Espace de l'Europe 12;8561;Fribourg;058 463 69 02;;1;Germaine;Exemple;437'871;1;;
9953;PMS 9953;;Espace de l'Europe 12;8561;Fribourg;058 463 69 03;;1;Germaine;Exemple;437'871;1;;
9954;PMS 9954;Zusatzname;Espace de l'Europe 12;8561;Fribourg;058 463 69 00;;;Germaine;Exemple;534'828;;;
10025;PMS 10025;;Espace de l'Europe 12;8561;Fribourg;058 463 69 01;;1;Germaine;Exemple;522'907;;;
10027;PMS 10027;Zusatzname;Espace de l'Europe 12;8561;Fribourg;058 463 69 02;;1;Germaine;Exemple;260'317;;;
10033;PMS 10033;;Espace de l'Europe 12;8561;Fribourg;058 463 69 03;;1;Germaine;Exemple;522'907;;;
10036;PMS 10036;Zusatzname;Espace de l'Europe 12;;;058 463 69 00;;1;Germaine;Exemple;503'428;1;;
10039;PMS 10039;Zusatzname;Espace de l'Europe 12;;;058 463 69 01;;1;Germaine;Exemple;522'907;;;
10041;PMS 10041;;Espace de l'Europe 12;3018;St-Gall;058 463 69 02;;2;Germaine;Exemple;549'669;;;
10045;PMS 10045;Zusatzname;Espace de l'Europe 12;3018;Sion;058 463 69 03;;1;Germaine;Exemple;503'428;1;;
10047;PMS 10047;Zusatzname;Espace de l'Europe 12;3018;Sion;058 463 69 00;;1;Germaine;Exemple;522'907;;;
10059;PMS 10059;;Espace de l'Europe 12;3018;Sion;058 463 69 01;;1;Germaine;Exemple;260'317;;;
10060;PMS 10060;Zusatzname;Espace de l'Europe 12;3018;Sion;058 463 69 02;;1;Germaine;Exemple;260'317;;;
10062;PMS 10062;;Espace de l'Europe 12;3018;Sion;058 463 69 03;;1;Germaine;Exemple;583'832;;;
10079;PMS 10079;;Espace de l'Europe 12;3018;Sion;058 463 69 00;;1;Germaine;Exemple;583'832;;;
10084;PMS 10084;;Espace de l'Europe 12;3018;Sion;058 463 69 01;;1;Germaine;Exemple;157'967;;;
10085;PMS 10085;;Espace de l'Europe 12;3018;Sion;058 463 69 02;;1;Germaine;Exemple;583'832;;;
10086;PMS 10086;;Espace de l'Europe 12;3018;Sion;058 463 69 03;;1;Germaine;Exemple;522'907;;;
10101;PMS 10101;Zusatzname;Espace de l'Europe 12;3018;Sion;058 463 69 00;;1;Germaine;Exemple;522'907;;;
10103;PMS 10103;;Espace de l'Europe 12;3018;Sion;058 463 69 01;lik@bfs.admin.ch;1;Germaine;Exemple;522'907;;;
10106;PMS 10106;;Espace de l'Europe 12;3018;Sion;058 463 69 02;;1;Germaine;Exemple;583'832;;;
10109;PMS 10109;;Espace de l'Europe 12;3018;Sion;058 463 69 03;;1;Germaine;Exemple;583'832;;;
10110;PMS 10110;;Espace de l'Europe 12;3018;Sion;058 463 69 00;;1;Germaine;Exemple;583'832;;;
10114;PMS 10114;Zusatzname;Espace de l'Europe 12;3018;Sion;058 463 69 01;;1;Germaine;Exemple;522'907;;;
10115;PMS 10115;;Espace de l'Europe 12;3018;Sion;058 463 69 02;;1;Germaine;Exemple;503'428;1;;
10118;PMS 10118;;Espace de l'Europe 12;3018;Sion;058 463 69 03;;1;Germaine;Exemple;583'832;;;
10119;PMS 10119;;Espace de l'Europe 12;3018;Sion;058 463 69 03;;1;Germaine;Exemple;583'832;;;
10121;PMS 10121;;Espace de l'Europe 12;3018;Sion;058 463 69 03;lik@bfs.admin.ch;1;Germaine;Exemple;583'832;;;
10122;PMS 10122;;Espace de l'Europe 12;3018;Sion;058 463 69 03;;1;Germaine;Exemple;583'832;;;
10127;PMS 10127;;Espace de l'Europe 12;3018;Sion;;;1;Germaine;Exemple;522'907;;;
10128;PMS 10128;;Espace de l'Europe 12;3018;Sion;;;1;Germaine;Exemple;522'907;;;
10130;PMS 10130;;Espace de l'Europe 12;3018;Sion;;lik@bfs.admin.ch;1;Germaine;Exemple;522'907;;;
10131;PMS 10131;;Espace de l'Europe 12;3018;Sion;058 463 69 00;lik@bfs.admin.ch;1;Germaine;Exemple;260'317;;;
10136;PMS 10136;;Espace de l'Europe 12;3018;Sion;058 463 69 01;lik@bfs.admin.ch;1;Germaine;Exemple;503'428;1;;
10140;PMS 10140;Zusatzname;Espace de l'Europe 12;3018;Sion;058 463 69 02;;1;Germaine;Exemple;503'428;1;;
10144;PMS 10144;;Espace de l'Europe 12;3018;Sion;058 463 69 03;;1;Germaine;Exemple;503'428;1;;
10147;PMS 10147;;Espace de l'Europe 12;3018;Sion;058 463 69 00;lik@bfs.admin.ch;1;Germaine;Exemple;260'317;;;
10148;PMS 10148;Zusatzname;Espace de l'Europe 12;3018;Sion;058 463 69 01;;1;Germaine;Exemple;260'317;;;
10149;PMS 10149;;Espace de l'Europe 12;3018;Sion;058 463 69 02;;1;Germaine;Exemple;260'317;;;
10162;PMS 10162;Zusatzname;Espace de l'Europe 12;3018;Sion;058 463 69 03;;1;Germaine;Exemple;260'317;;;
10164;PMS 10164;Zusatzname;Espace de l'Europe 12;3018;Sion;058 463 69 00;;1;Germaine;Exemple;503'428;1;;
10172;PMS 10172;;Espace de l'Europe 12;3018;Sion;058 463 69 01;;1;Germaine;Exemple;260'317;;;
10181;PMS 10181;;Espace de l'Europe 12;3018;Sion;058 463 69 02;;1;Germaine;Exemple;522'907;;;
10183;PMS 10183;;Espace de l'Europe 12;3018;Sion;058 463 69 03;;1;Germaine;Exemple;522'907;;;
10184;PMS 10184;;Espace de l'Europe 12;3018;Sion;058 463 69 00;;1;Germaine;Exemple;503'428;1;;
10682;PMS 10682;;Espace de l'Europe 12;3018;Sion;058 463 69 01;;1;Germaine;Exemple;157'967;;;
10683;PMS 10683;;Espace de l'Europe 12;3018;Sion;058 463 69 02;;1;Germaine;Exemple;157'967;;;
10684;PMS 10684;;Espace de l'Europe 12;3018;Sion;058 463 69 03;;1;Germaine;Exemple;805'306;;;
10685;PMS 10685;;Espace de l'Europe 12;3018;Sion;058 463 69 00;lik@bfs.admin.ch;1;Germaine;Exemple;;;;
10686;PMS 10686;;Espace de l'Europe 12;3018;Sion;058 463 69 01;;1;Germaine;Exemple;157'967;;;
10687;PMS 10687;;Espace de l'Europe 12;3018;Sion;058 463 69 02;lik@bfs.admin.ch;1;Germaine;Exemple;157'967;;;
10688;PMS 10688;;Espace de l'Europe 12;3018;Sion;058 463 69 03;;1;Germaine;Exemple;;;;
10689;PMS 10689;;Espace de l'Europe 12;3018;Sion;058 463 69 00;lik@bfs.admin.ch;1;Germaine;Exemple;157'967;;;
10690;PMS 10690;Zusatzname;Espace de l'Europe 12;3018;Sion;058 463 69 01;;1;Germaine;Exemple;805'306;;;
10696;PMS 10696;Zusatzname;Espace de l'Europe 12;3018;Sion;058 463 69 02;lik@bfs.admin.ch;1;Germaine;Exemple;;;;
10698;PMS 10698;Zusatzname;Espace de l'Europe 12;3018;Sion;058 463 69 03;;1;Germaine;Exemple;;;;
10714;PMS 10714;;Espace de l'Europe 12;3018;Sion;058 463 69 00;;1;Germaine;Exemple;157'967;;;
10716;PMS 10716;Zusatzname;Espace de l'Europe 12;3018;Sion;058 463 69 01;;1;Germaine;Exemple;805'306;;;
10718;PMS 10718;;Espace de l'Europe 12;3018;Sion;058 463 69 02;;1;Germaine;Exemple;;;;
10722;PMS 10722;;Espace de l'Europe 12;3018;Sion;058 463 69 03;;1;Germaine;Exemple;;;;
10723;PMS 10723;;Espace de l'Europe 12;3018;Sion;058 463 69 00;lik@bfs.admin.ch;1;Germaine;Exemple;157'967;;;
10725;PMS 10725;;Espace de l'Europe 12;3018;Sion;058 463 69 01;;1;Germaine;Exemple;157'967;;;
10727;PMS 10727;;Espace de l'Europe 12;3018;Sion;058 463 69 02;;1;Germaine;Exemple;;;;
10728;PMS 10728;;Espace de l'Europe 12;3018;Sion;058 463 69 03;lik@bfs.admin.ch;1;Germaine;Exemple;;;;
10729;PMS 10729;Zusatzname;Espace de l'Europe 12;3018;Sion;058 463 69 00;;1;Germaine;Exemple;;;;
10730;PMS 10730;Zusatzname;Espace de l'Europe 12;3018;Sion;058 463 69 01;;1;Germaine;Exemple;;;;
10731;PMS 10731;;;;;058 463 69 02;lik@bfs.admin.ch;1;Germaine;Exemple;;;;
10732;PMS 10732;;;;;058 463 69 03;lik@bfs.admin.ch;1;Germaine;Exemple;;;;
10733;PMS 10733;;Espace de l'Europe 12;7200;Berne;058 463 69 00;;1;Germaine;Exemple;;;;
10734;PMS 10734;;Espace de l'Europe 12;7200;Berne;058 463 69 01;lik@bfs.admin.ch;1;Germaine;Exemple;;;;
10735;PMS 10735;Zusatzname;Espace de l'Europe 12;7200;Berne;058 463 69 02;lik@bfs.admin.ch;1;Germaine;Exemple;805'306;;;
10736;PMS 10736;;Espace de l'Europe 12;7200;Berne;058 463 69 03;;1;Germaine;Exemple;805'306;;;
10737;PMS 10737;Zusatzname;Espace de l'Europe 12;7200;Berne;058 463 69 00;;1;Germaine;Exemple;157'967;;;
10738;PMS 10738;;Espace de l'Europe 12;7200;Berne;058 463 69 01;;1;Germaine;Exemple;;;;
10739;PMS 10739;Zusatzname;Espace de l'Europe 12;7200;Berne;058 463 69 02;;1;Germaine;Exemple;805'306;;;
10741;PMS 10741;;Espace de l'Europe 12;7200;Berne;058 463 69 03;;1;Germaine;Exemple;805'306;;;
10742;PMS 10742;Zusatzname;Espace de l'Europe 12;7200;Berne;058 463 69 00;;1;Germaine;Exemple;;;;
10745;PMS 10745;Zusatzname;Espace de l'Europe 12;7200;Berne;058 463 69 01;;1;Germaine;Exemple;157'967;;;
10746;PMS 10746;;Espace de l'Europe 12;7200;Berne;058 463 69 02;;1;Germaine;Exemple;;;;
10748;PMS 10748;Zusatzname;Espace de l'Europe 12;7200;Berne;058 463 69 03;;1;Germaine;Exemple;157'967;;;
10757;PMS 10757;Zusatzname;Espace de l'Europe 12;7200;Berne;;;1;Germaine;Exemple;157'967;;;
10760;PMS 10760;Zusatzname;Espace de l'Europe 12;7200;Berne;;;1;Germaine;Exemple;805'306;;;
10762;PMS 10762;Zusatzname;Espace de l'Europe 12;7200;Berne;;;1;Germaine;Exemple;;;;
10766;PMS 10766;;Espace de l'Europe 12;7200;Berne;;;1;Germaine;Exemple;157'967;;;
10771;PMS 10771;;Espace de l'Europe 12;7200;Berne;;;1;Germaine;Exemple;157'967;;;
10773;PMS 10773;Zusatzname;Espace de l'Europe 12;7200;Berne;;;1;Germaine;Exemple;805'306;;;
10774;PMS 10774;;Espace de l'Europe 12;7200;Berne;;;1;Germaine;Exemple;157'967;;;
10782;PMS 10782;Zusatzname;Espace de l'Europe 12;7200;Berne;058 463 69 00;;1;Germaine;Exemple;157'967;;;
10784;PMS 10784;;Espace de l'Europe 12;7200;Berne;;;1;Germaine;Exemple;805'306;;;
10790;PMS 10790;;Espace de l'Europe 12;7200;Berne;;;1;Germaine;Exemple;157'967;;;
10811;PMS 10811;Zusatzname;Espace de l'Europe 12;7200;Berne;;;1;Germaine;Exemple;706'674;;;
10824;PMS 10824;;Espace de l'Europe 12;7200;Berne;058 463 69 00;;1;Germaine;Exemple;706'674;;;
10862;PMS 10862;;Espace de l'Europe 12;7200;Berne;058 463 69 01;lik@bfs.admin.ch;1;Germaine;Exemple;521'559;1;;
10864;PMS 10864;Zusatzname;Espace de l'Europe 12;7200;Berne;058 463 69 02;;1;Germaine;Exemple;521'559;1;;
10871;PMS 10871;Zusatzname;Espace de l'Europe 12;7200;Berne;058 463 69 03;;1;Germaine;Exemple;;;;
10872;PMS 10872;;Espace de l'Europe 12;7200;Berne;058 463 69 00;lik@bfs.admin.ch;1;Germaine;Exemple;731'703;;;
10875;PMS 10875;Zusatzname;Espace de l'Europe 12;7200;Berne;058 463 69 01;lik@bfs.admin.ch;1;Germaine;Exemple;;1;;
10885;PMS 10885;Zusatzname;Espace de l'Europe 12;7200;Berne;058 463 69 02;lik@bfs.admin.ch;1;Germaine;Exemple;521'559;1;;
10887;PMS 10887;;Espace de l'Europe 12;7200;Berne;058 463 69 03;lik@bfs.admin.ch;1;Germaine;Exemple;347'122;1;;
10888;PMS 10888;;Espace de l'Europe 12;7200;Berne;058 463 69 00;;1;Germaine;Exemple;;;;
10891;PMS 10891;Zusatzname;Espace de l'Europe 12;7200;Berne;058 463 69 01;;1;Germaine;Exemple;347'122;1;;
10899;PMS 10899;Zusatzname;Espace de l'Europe 12;7200;Berne;058 463 69 02;;1;Germaine;Exemple;347'122;1;;
10900;PMS 10900;Zusatzname;Espace de l'Europe 12;7200;Berne;058 463 69 03;;1;Germaine;Exemple;347'122;1;;
10909;PMS 10909;;Espace de l'Europe 12;7200;Berne;058 463 69 00;lik@bfs.admin.ch;1;Germaine;Exemple;521'559;1;;
10911;PMS 10911;;Espace de l'Europe 12;7200;Berne;058 463 69 01;;1;Germaine;Exemple;;;;
10922;PMS 10922;;Espace de l'Europe 12;7200;Berne;058 463 69 02;lik@bfs.admin.ch;1;Marie;Crétin;;;;
10924;PMS 10924;Zusatzname;Espace de l'Europe 12;7200;Berne;058 463 69 03;;1;Marie;Crétin;;;;
10933;PMS 10933;;Espace de l'Europe 12;7200;Berne;058 463 69 00;;1;Marie;Crétin;;;;
10936;PMS 10936;;Espace de l'Europe 12;7200;Berne;058 463 69 01;lik@bfs.admin.ch;1;Marie;Crétin;521'559;1;;
10941;PMS 10941;;Espace de l'Europe 12;7200;Berne;058 463 69 02;;1;Marie;Crétin;;;;
10942;PMS 10942;Zusatzname;Espace de l'Europe 12;7200;Berne;058 463 69 03;;1;Marie;Crétin;538'528;;;
10944;PMS 10944;Zusatzname;Espace de l'Europe 12;7200;Berne;058 463 69 00;lik@bfs.admin.ch;1;Marie;Crétin;;;;
10946;PMS 10946;;Espace de l'Europe 12;7200;Berne;058 463 69 01;;1;Marie;Crétin;538'528;;;
10947;PMS 10947;;Espace de l'Europe 12;7200;Berne;058 463 69 02;;1;Marie;Crétin;;;;
10950;PMS 10950;;Espace de l'Europe 12;7200;Berne;058 463 69 03;;1;Marie;Crétin;;;;
10951;PMS 10951;Zusatzname;Espace de l'Europe 12;7200;Berne;058 463 69 00;;1;Marie;Crétin;;;;
10953;PMS 10953;Zusatzname;Espace de l'Europe 12;7200;Berne;058 463 69 01;;1;Marie;Crétin;;;;
10954;PMS 10954;;Espace de l'Europe 12;7200;Berne;058 463 69 02;;1;Marie;Crétin;538'528;;;
10956;PMS 10956;;Espace de l'Europe 12;7200;Berne;058 463 69 03;;1;Marie;Crétin;538'528;;;
10957;PMS 10957;Zusatzname;Espace de l'Europe 12;7200;Berne;058 463 69 00;;1;Marie;Crétin;;;;
10958;PMS 10958;;Espace de l'Europe 12;7200;Berne;058 463 69 01;;1;Marie;Crétin;538'528;;;
10959;PMS 10959;Zusatzname;Espace de l'Europe 12;7200;Berne;058 463 69 02;;1;Marie;Crétin;723'532;;;
10972;PMS 10972;;Espace de l'Europe 12;7200;Berne;058 463 69 03;;1;Marie;Crétin;;;;
10982;PMS 10982;;Espace de l'Europe 12;7200;Berne;058 463 69 00;;1;Marie;Crétin;538'528;;;
10983;PMS 10983;Zusatzname;Espace de l'Europe 12;7200;Berne;058 463 69 01;;1;Marie;Crétin;538'528;;;
10987;PMS 10987;;Espace de l'Europe 12;7200;Berne;058 463 69 02;lik@bfs.admin.ch;1;Marie;Crétin;;;;
10989;PMS 10989;Zusatzname;Espace de l'Europe 12;7200;Berne;058 463 69 03;lik@bfs.admin.ch;1;Marie;Crétin;538'528;;;
10994;PMS 10994;Zusatzname;Espace de l'Europe 12;7200;Berne;058 463 69 00;;1;Marie;Crétin;538'528;;;
11154;PMS 11154;Zusatzname;Espace de l'Europe 12;7200;Berne;058 463 69 01;;3;Marie;Crétin;978'578;;;
11155;PMS 11155;Zusatzname;Espace de l'Europe 12;7200;Berne;058 463 69 02;;3;Marie;Crétin;978'578;;;
11156;PMS 11156;Zusatzname;Espace de l'Europe 12;7200;Berne;058 463 69 03;;3;Marie;Crétin;819'019;1;;
11158;PMS 11158;Zusatzname;Espace de l'Europe 12;7200;Berne;058 463 69 00;;3;Marie;Crétin;978'578;;;
11159;PMS 11159;Zusatzname;Espace de l'Europe 12;7200;Berne;058 463 69 01;;3;Marie;Crétin;978'578;;;
11162;PMS 11162;;Espace de l'Europe 12;7200;Berne;058 463 69 02;;3;Marie;Crétin;819'019;1;;
11163;PMS 11163;Zusatzname;;7200;Berne;058 463 69 03;;3;Marie;Crétin;819'019;1;;
11167;PMS 11167;Zusatzname;Espace de l'Europe 28;7200;Berne;058 463 69 00;;3;Marie;Crétin;819'019;1;;
11168;PMS 11168;;Espace de l'Europe 28;7200;Berne;058 463 69 01;;3;Marie;Crétin;819'019;1;;
11170;PMS 11170;;Espace de l'Europe 28;7200;Berne;058 463 69 02;;3;Marie;Crétin;978'578;;;
11171;PMS 11171;Zusatzname;Espace de l'Europe 28;7200;Berne;058 463 69 03;;3;Marie;Crétin;819'019;1;;
11173;PMS 11173;Zusatzname;Espace de l'Europe 28;7200;Berne;058 463 69 03;;3;Marie;Crétin;498'686;;;
11176;PMS 11176;;Espace de l'Europe 28;7200;Berne;058 463 69 03;;3;Marie;Crétin;498'686;;;
11177;PMS 11177;Zusatzname;Espace de l'Europe 28;7200;Berne;058 463 69 03;;3;Marie;Crétin;819'019;1;;
11179;PMS 11179;Zusatzname;Espace de l'Europe 28;7200;Berne;;;3;Marie;Crétin;978'578;;;
11180;PMS 11180;;Espace de l'Europe 28;7200;Berne;;;3;Marie;Crétin;819'019;1;;
11181;PMS 11181;Zusatzname;Espace de l'Europe 28;7200;Berne;;;3;Marie;Crétin;498'686;;;
11182;PMS 11182;Zusatzname;Espace de l'Europe 28;7200;Berne;058 463 69 00;;3;Marie;Crétin;498'686;;;
11183;PMS 11183;;Espace de l'Europe 28;7200;Berne;058 463 69 01;;3;Marie;Crétin;498'686;;;
11184;PMS 11184;;Espace de l'Europe 28;7200;Berne;058 463 69 02;lik@bfs.admin.ch;3;Marie;Crétin;978'578;;;
11189;PMS 11189;;Espace de l'Europe 28;7200;Berne;058 463 69 03;;3;Marie;Crétin;978'578;;;
11192;PMS 11192;;Espace de l'Europe 28;7200;Berne;058 463 69 00;;3;Marie;Crétin;819'019;1;;
11194;PMS 11194;;Espace de l'Europe 28;7200;Berne;058 463 69 01;;3;Marie;Crétin;498'686;;;
11199;PMS 11199;;Espace de l'Europe 28;7200;Berne;058 463 69 02;;3;Marie;Crétin;819'019;1;;
11200;PMS 11200;Zusatzname;Espace de l'Europe 28;7200;Berne;058 463 69 03;;3;Marie;Crétin;819'019;1;;
11201;PMS 11201;;Espace de l'Europe 28;7200;Berne;058 463 69 00;;3;Marie;Crétin;819'019;1;;
11203;PMS 11203;Zusatzname;Espace de l'Europe 28;7200;Berne;058 463 69 01;;3;Marie;Crétin;819'019;1;;
11204;PMS 11204;Zusatzname;Espace de l'Europe 28;7200;Berne;058 463 69 02;;3;Marie;Crétin;819'019;1;;
11205;PMS 11205;Zusatzname;Espace de l'Europe 28;7200;Berne;058 463 69 03;;3;Marie;Crétin;498'686;;;
11207;PMS 11207;;Espace de l'Europe 28;7200;Berne;058 463 69 00;;3;Marie;Crétin;498'686;;;
11286;PMS 11286;;;7200;Berne;058 463 69 01;;2;Marie;Crétin;;;;
11289;PMS 11289;;Espace de l'Europe 28;7200;Berne;058 463 69 02;;2;Marie;Crétin;;;;
11290;PMS 11290;;Espace de l'Europe 28;7200;Berne;058 463 69 03;;2;Marie;Crétin;;;;
11292;PMS 11292;;Espace de l'Europe 28;7200;Berne;058 463 69 00;;2;Marie;Crétin;;;;
11295;PMS 11295;;Espace de l'Europe 28;7200;Berne;058 463 69 01;;2;Marie;Crétin;;;;
11298;PMS 11298;;Espace de l'Europe 28;7200;Berne;058 463 69 02;;2;Marie;Crétin;;;;
11299;PMS 11299;Zusatzname;Espace de l'Europe 28;7200;Berne;058 463 69 03;;2;Marie;Crétin;;;;
11302;PMS 11302;;Espace de l'Europe 28;7200;Berne;058 463 69 00;;2;Marie;Crétin;;;;
11304;PMS 11304;Zusatzname;Espace de l'Europe 28;7200;Berne;058 463 69 01;;2;Marie;Crétin;;;;
11305;PMS 11305;;Espace de l'Europe 28;7200;Berne;058 463 69 02;;2;Marie;Crétin;;;;
11306;PMS 11306;Zusatzname;Espace de l'Europe 28;7200;Berne;058 463 69 03;;2;Marie;Crétin;;;;
11309;PMS 11309;Zusatzname;Espace de l'Europe 28;7200;Berne;058 463 69 00;;2;Marie;Crétin;;;;
11310;PMS 11310;Zusatzname;Espace de l'Europe 28;7200;Berne;058 463 69 01;;2;Marie;Crétin;;;;
11313;PMS 11313;Zusatzname;Espace de l'Europe 28;7200;Berne;058 463 69 02;;2;Marie;Crétin;;;;
11314;PMS 11314;;Espace de l'Europe 28;7200;Berne;058 463 69 03;;2;Marie;Crétin;;;;
11315;PMS 11315;Zusatzname;Espace de l'Europe 28;7200;Berne;058 463 69 00;;2;Marie;Crétin;;;;
11316;PMS 11316;;Espace de l'Europe 28;7200;Berne;058 463 69 01;;2;Marie;Crétin;;;;
11317;PMS 11317;Zusatzname;Espace de l'Europe 28;7200;Berne;058 463 69 02;;2;Marie;Crétin;;;;
11318;PMS 11318;Zusatzname;Espace de l'Europe 28;7200;Berne;058 463 69 03;lik@bfs.admin.ch;2;Marie;Crétin;;;;
11319;PMS 11319;;Espace de l'Europe 28;7200;Berne;058 463 69 00;;2;Marie;Crétin;;;;
11320;PMS 11320;;Espace de l'Europe 28;7200;Berne;058 463 69 01;;2;Marie;Crétin;;;;
11323;PMS 11323;;Espace de l'Europe 28;7200;Berne;058 463 69 02;lik@bfs.admin.ch;2;Marie;Crétin;;;;
11326;PMS 11326;;;7200;Berne;058 463 69 03;;2;Marie;Crétin;;;;
11330;PMS 11330;;Espace de l'Europe 28;7200;Berne;058 463 69 00;;2;Marie;Crétin;;;;
11334;PMS 11334;Zusatzname;Espace de l'Europe 28;7200;Berne;058 463 69 01;;2;Marie;Crétin;;;;
11335;PMS 11335;;Espace de l'Europe 28;7200;Berne;058 463 69 02;;2;Marie;Crétin;;;;
11336;PMS 11336;;Espace de l'Europe 28;7200;Berne;058 463 69 03;;2;Marie;Crétin;;;;
11340;PMS 11340;Zusatzname;Espace de l'Europe 28;7200;Berne;058 463 69 00;;2;Marie;Crétin;;;;
11342;PMS 11342;;Espace de l'Europe 28;7200;Berne;058 463 69 01;;2;Marie;Crétin;;;;
11368;PMS 11368;;Espace de l'Europe 28;7200;Berne;058 463 69 02;lik@bfs.admin.ch;2;Marie;Crétin;;;;
11369;PMS 11369;;Espace de l'Europe 28;7200;Berne;058 463 69 03;;2;Marie;Crétin;;;;
11370;PMS 11370;;Espace de l'Europe 28;7200;Berne;058 463 69 00;lik@bfs.admin.ch;2;Marie;Crétin;;;;
11425;PMS 11425;;Espace de l'Europe 28;7200;Berne;058 463 69 01;;2;Hansueli;Müller;549'669;;;
11451;PMS 11451;;Espace de l'Europe 28;7200;Berne;058 463 69 02;;2;Hansueli;Müller;549'669;;;
11454;PMS 11454;Zusatzname;Espace de l'Europe 28;7200;Berne;058 463 69 03;;2;Hansueli;Müller;549'669;;;
11455;PMS 11455;Zusatzname;Espace de l'Europe 28;7200;Berne;;;2;Hansueli;Müller;549'669;;;
11457;PMS 11457;;Espace de l'Europe 28;7200;Berne;;;2;Hansueli;Müller;549'669;;;
11460;PMS 11460;;Espace de l'Europe 28;7200;Berne;;;2;Hansueli;Müller;540'622;;;
11462;PMS 11462;Zusatzname;Espace de l'Europe 28;7200;Berne;;;2;Hansueli;Müller;540'622;;;
11463;PMS 11463;Zusatzname;Espace de l'Europe 28;7200;Berne;;;2;Hansueli;Müller;549'669;;;
11464;PMS 11464;;Espace de l'Europe 28;7200;Berne;;;2;Hansueli;Müller;549'669;;;
11465;PMS 11465;;Espace de l'Europe 28;7200;Berne;;lik@bfs.admin.ch;1;Hansueli;Müller;549'669;;;
11466;PMS 11466;;Espace de l'Europe 28;7200;Berne;058 463 69 00;;2;Hansueli;Müller;540'622;;;
11467;PMS 11467;;Espace de l'Europe 28;7200;Berne;;lik@bfs.admin.ch;1;Hansueli;Müller;549'669;;;
11469;PMS 11469;Zusatzname;Espace de l'Europe 28;7200;Berne;;;2;Hansueli;Müller;549'669;;;
11472;PMS 11472;;Espace de l'Europe 28;7200;Berne;;lik@bfs.admin.ch;2;Hansueli;Müller;540'622;;;
11474;PMS 11474;Zusatzname;Espace de l'Europe 28;7200;Berne;058 463 69 00;;2;Hansueli;Müller;540'622;;;
11476;PMS 11476;;Espace de l'Europe 28;7200;Berne;058 463 69 01;;2;Hansueli;Müller;540'622;;;
11477;PMS 11477;;Espace de l'Europe 28;7200;Berne;058 463 69 02;;2;Hansueli;Müller;540'622;;;
11480;PMS 11480;Zusatzname;Espace de l'Europe 28;7200;Berne;058 463 69 03;;2;Hansueli;Müller;540'622;;;
11482;PMS 11482;;Espace de l'Europe 28;7200;Berne;058 463 69 00;;2;Hansueli;Müller;540'622;;;
11485;PMS 11485;;Espace de l'Europe 28;7200;Berne;058 463 69 01;;2;Hansueli;Müller;540'622;;;
11486;PMS 11486;;Espace de l'Europe 28;7200;Berne;058 463 69 02;;2;Hansueli;Müller;540'622;;;
11487;PMS 11487;;Espace de l'Europe 28;7200;Berne;058 463 69 03;lik@bfs.admin.ch;2;Hansueli;Müller;549'669;;;
11488;PMS 11488;Zusatzname;Espace de l'Europe 28;7200;Berne;058 463 69 00;;2;Hansueli;Müller;540'622;;;
11490;PMS 11490;Zusatzname;Espace de l'Europe 28;7200;Berne;058 463 69 01;;2;Hansueli;Müller;549'669;;;
11491;PMS 11491;;Espace de l'Europe 28;7200;Berne;058 463 69 02;;;Hansueli;Müller;549'669;;;
11492;PMS 11492;Zusatzname;Espace de l'Europe 28;7200;Berne;058 463 69 03;;2;Hansueli;Müller;549'669;;;
11495;PMS 11495;;Espace de l'Europe 28;7200;Berne;058 463 69 00;;2;Hansueli;Müller;540'622;;;
11500;PMS 11500;Zusatzname;Espace de l'Europe 28;7200;Berne;058 463 69 01;;2;Hansueli;Müller;540'622;;;
11506;PMS 11506;Zusatzname;Espace de l'Europe 28;7200;Berne;058 463 69 02;;2;Hansueli;Müller;540'622;;;
11514;PMS 11514;Zusatzname;Espace de l'Europe 28;7200;Berne;058 463 69 03;;2;Hansueli;Müller;549'669;;;
11515;PMS 11515;Zusatzname;Espace de l'Europe 28;7200;Berne;058 463 69 00;;2;Hansueli;Müller;549'669;;;
11524;PMS 11524;;Espace de l'Europe 28;7200;Berne;058 463 69 01;;2;Hansueli;Müller;549'669;;;
11531;PMS 11531;Zusatzname;Espace de l'Europe 28;7200;Berne;058 463 69 02;;2;Hansueli;Müller;377'335;2;;
11532;PMS 11532;Zusatzname;Espace de l'Europe 28;7200;Berne;058 463 69 03;;2;Hansueli;Müller;540'622;;;
11533;PMS 11533;Zusatzname;Espace de l'Europe 28;7200;Berne;058 463 69 00;;2;Hansueli;Müller;377'335;2;;
11534;PMS 11534;;Espace de l'Europe 28;7200;Berne;058 463 69 01;;2;Hansueli;Müller;549'669;;;
11537;PMS 11537;;Espace de l'Europe 28;7200;Berne;058 463 69 02;;2;Hansueli;Müller;540'622;;;
11538;PMS 11538;Zusatzname;Espace de l'Europe 28;7200;Berne;058 463 69 03;;2;Hansueli;Müller;549'669;;;
11539;PMS 11539;Zusatzname;Espace de l'Europe 28;7200;Berne;058 463 69 00;;2;Hansueli;Müller;540'622;;;
11541;PMS 11541;;Espace de l'Europe 28;7200;Berne;058 463 69 01;;2;Hansueli;Müller;540'622;;;
11542;PMS 11542;;Espace de l'Europe 28;7200;Berne;058 463 69 02;lik@bfs.admin.ch;2;Hansueli;Müller;242'231;;;
11545;PMS 11545;;Espace de l'Europe 28;7200;Berne;058 463 69 03;lik@bfs.admin.ch;2;Hansueli;Müller;242'231;;;
11546;PMS 11546;Zusatzname;Espace de l'Europe 28;7200;Berne;058 463 69 00;;2;Hansueli;Müller;540'622;;;
11548;PMS 11548;;Espace de l'Europe 28;7200;Berne;058 463 69 01;;2;Hansueli;Müller;377'335;2;;
11551;PMS 11551;;Espace de l'Europe 28;7200;Berne;058 463 69 02;;2;Hansueli;Müller;377'335;2;;
11556;PMS 11556;Zusatzname;;7200;Berne;058 463 69 03;;2;Hansueli;Müller;377'335;2;;
11557;PMS 11557;Zusatzname;;7200;Berne;058 463 69 00;;2;Hansueli;Müller;377'335;2;;
11562;PMS 11562;;Espace de l'Europe 28;7200;Berne;058 463 69 01;;2;Hansueli;Müller;377'335;2;;
11563;PMS 11563;;Espace de l'Europe 28;7200;Berne;058 463 69 02;;2;Hansueli;Müller;377'335;2;;
11564;PMS 11564;;Espace de l'Europe 28;7200;Berne;058 463 69 03;;2;Hansueli;Müller;540'622;;;
11565;PMS 11565;;Espace de l'Europe 28;7200;Berne;058 463 69 00;;2;Hansueli;Müller;540'622;;;
11569;PMS 11569;;Espace de l'Europe 28;7200;Berne;058 463 69 01;;2;Hansueli;Müller;377'335;2;;
11571;PMS 11571;;Espace de l'Europe 28;7200;Berne;058 463 69 02;lik@bfs.admin.ch;2;Hansueli;Müller;377'335;2;;
11573;PMS 11573;;Espace de l'Europe 28;7200;Berne;058 463 69 03;lik@bfs.admin.ch;2;Hansueli;Müller;377'335;2;;
11574;PMS 11574;Centre Commercial;Espace de l'Europe 28;7200;Berne;058 463 69 00;;2;Hansueli;Müller;549'669;;;
11575;PMS 11575;;Espace de l'Europe 28;7200;Berne;058 463 69 01;;2;Hansueli;Müller;377'335;2;;
11576;PMS 11576;;Espace de l'Europe 28;7200;Berne;058 463 69 02;lik@bfs.admin.ch;2;Hansueli;Müller;242'231;;;
11582;PMS 11582;;Espace de l'Europe 28;7200;Berne;058 463 69 03;;2;Hansueli;Müller;540'622;;;
11583;PMS 11583;Centre Commercial;;7200;Berne;058 463 69 00;;2;Hansueli;Müller;540'622;;;
11586;PMS 11586;;Place de la Gare 34;7200;Berne;058 463 69 01;;2;Hansueli;Müller;540'622;;;
11588;PMS 11588;;Place de la Gare 34;7200;Berne;058 463 69 02;;2;Hansueli;Müller;377'335;2;;
11589;PMS 11589;Zusatzname;Place de la Gare 34;7200;Berne;058 463 69 03;;2;Hansueli;Müller;377'335;2;;
11591;PMS 11591;;Place de la Gare 34;7200;Berne;058 463 69 03;;2;Hansueli;Müller;549'669;;;
11592;PMS 11592;;;7200;Berne;058 463 69 03;;2;Hansueli;Müller;549'669;;;
11599;PMS 11599;;Place de la Gare 34;7200;Berne;058 463 69 03;;2;Hansueli;Müller;540'622;;;
11602;PMS 11602;Zusatzname;;7200;Berne;;;2;Hansueli;Müller;377'335;2;;
11603;PMS 11603;;Place de la Gare 34;7200;Berne;;;2;Hansueli;Müller;534'828;;;
11605;PMS 11605;;Place de la Gare 34;7200;Berne;;;2;Hansueli;Müller;540'622;;;
11607;PMS 11607;;Place de la Gare 34;7200;Berne;058 463 69 00;;;Hansueli;Müller;Sachbearbeiterin;1;3 69 97;lik-prod@bfs.admin.ch
11612;PMS 11612;;Place de la Gare 34;7200;Berne;058 463 69 01;;2;Hansueli;Müller;540'622;;;
11614;PMS 11614;Zusatzname;Place de la Gare 34;7200;Berne;058 463 69 02;;2;Hansueli;Müller;377'335;2;;
11797;PMS 11797;Zusatzname;Place de la Gare 34;7200;Berne;058 463 69 03;;2;Pierrinne;Tabouret;540'622;;;
11798;PMS 11798;Zusatzname;;7200;Berne;058 463 69 00;;2;Pierrinne;Tabouret;549'669;;;
11800;PMS 11800;;Place de la Gare 34;7200;Berne;058 463 69 01;;2;Pierrinne;Tabouret;549'669;;;
11809;PMS 11809;;Place de la Gare 34;7200;Berne;058 463 69 02;;1;Pierrinne;Tabouret;;;;
11847;PMS 11847;;Place de la Gare 34;7200;Berne;058 463 69 03;;2;Pierrinne;Tabouret;653'724;;;
11899;PMS 11899;Zusatzname;Place de la Gare 34;7200;Berne;058 463 69 00;lik@bfs.admin.ch;1;Pierrinne;Tabouret;583'832;;;
11994;PMS 11994;;Place de la Gare 34;7200;Berne;058 463 69 01;;1;Pierrinne;Tabouret;260'317;;;
12006;PMS 12006;Zusatzname;Place de la Gare 34;7200;Berne;058 463 69 02;;1;Pierrinne;Tabouret;583'832;;;
12174;PMS 12174;;Place de la Gare 34;7200;Berne;058 463 69 03;;1;Pierrinne;Tabouret;538'528;;;
12184;PMS 12184;;Place de la Gare 34;7200;Berne;058 463 69 00;;1;Pierrinne;Tabouret;;;;
12186;PMS 12186;;Place de la Gare 34;7200;Berne;058 463 69 01;;1;Pierrinne;Tabouret;;;;
12187;PMS 12187;;Place de la Gare 34;7200;Berne;058 463 69 02;;1;Pierrinne;Tabouret;347'122;1;;
12188;PMS 12188;;Place de la Gare 34;7200;Berne;058 463 69 03;;1;Pierrinne;Tabouret;;;;
12190;PMS 12190;Zusatzname;Place de la Gare 34;7200;Berne;058 463 69 00;;1;Pierrinne;Tabouret;347'122;1;;
12191;PMS 12191;;Place de la Gare 34;7200;Berne;058 463 69 01;;1;Pierrinne;Tabouret;521'559;1;;
12194;PMS 12194;Zusatzname;Place de la Gare 34;7200;Berne;058 463 69 02;;1;Pierrinne;Tabouret;347'122;1;;
12195;PMS 12195;Zusatzname;Place de la Gare 34;7200;Berne;058 463 69 03;;1;Pierrinne;Tabouret;347'122;1;;
12196;PMS 12196;;Place de la Gare 34;7200;Berne;058 463 69 00;;1;Pierrinne;Tabouret;;;;
12197;PMS 12197;Zusatzname;Place de la Gare 34;7200;Berne;058 463 69 01;;1;Pierrinne;Tabouret;;;;
12198;PMS 12198;;Place de la Gare 34;7200;Berne;058 463 69 02;;1;Pierrinne;Tabouret;;;;
12200;PMS 12200;;;7200;Berne;058 463 69 03;lik@bfs.admin.ch;1;Pierrinne;Tabouret;;;;
12201;PMS 12201;;Place de la Gare 34;7200;Berne;058 463 69 00;;1;Pierrinne;Tabouret;521'559;1;;
12203;PMS 12203;;Place de la Gare 34;7200;Berne;058 463 69 01;;1;Pierrinne;Tabouret;;;;
12204;PMS 12204;Zusatzname;Place de la Gare 34;7200;Berne;058 463 69 02;;1;Pierrinne;Tabouret;521'559;1;;
12205;PMS 12205;;Place de la Gare 34;7200;Berne;058 463 69 03;;1;Pierrinne;Tabouret;;;;
12206;PMS 12206;;Place de la Gare 34;7200;Berne;058 463 69 00;;1;Pierrinne;Tabouret;521'559;1;;
12208;PMS 12208;Zusatzname;Place de la Gare 34;7200;Berne;058 463 69 01;lik@bfs.admin.ch;1;Pierrinne;Tabouret;;;;
12249;PMS 12249;;Place de la Gare 34;7200;Berne;058 463 69 02;;2;Pierrinne;Tabouret;549'669;;;
12250;PMS 12250;;Place de la Gare 34;7200;Berne;058 463 69 03;;2;Pierrinne;Tabouret;540'622;;;
12392;PMS 12392;;Place de la Gare 34;7200;Berne;058 463 69 00;;1;Pierrinne;Tabouret;706'674;;;
12448;PMS 12448;;Place de la Gare 34;7200;Berne;058 463 69 01;;2;Pierrinne;Tabouret;377'335;2;;
12453;PMS 12453;;Place de la Gare 34;7200;Berne;058 463 69 02;;2;Pierrinne;Tabouret;377'335;2;;
12519;PMS 12519;;Place de la Gare 34;7200;Berne;058 463 69 03;lik@bfs.admin.ch;1;Pierrinne;Tabouret;522'907;;;
12522;PMS 12522;Zusatzname;Place de la Gare 34;7200;Berne;058 463 69 00;;1;Pierrinne;Tabouret;503'428;1;;
12523;PMS 12523;;Place de la Gare 34;7200;Berne;058 463 69 01;;1;Pierrinne;Tabouret;503'428;1;;
12572;PMS 12572;;Place de la Gare 34;7200;Berne;058 463 69 02;;1;Pierrinne;Tabouret;260'317;;;
12586;PMS 12586;;Place de la Gare 34;7200;Berne;058 463 69 03;;1;Pierrinne;Tabouret;260'317;;;
12588;PMS 12588;;Place de la Gare 34;7200;Berne;058 463 69 00;;3;Pierrinne;Tabouret;978'578;;;
12589;PMS 12589;;Place de la Gare 34;7200;Berne;058 463 69 01;;3;Pierrinne;Tabouret;819'019;1;;
12590;PMS 12590;;Place de la Gare 34;7200;Berne;058 463 69 02;;3;Pierrinne;Tabouret;819'019;1;;
12591;PMS 12591;;Place de la Gare 34;7200;Berne;058 463 69 03;;3;Pierrinne;Tabouret;498'686;;;
12592;PMS 12592;;Place de la Gare 34;2790;Zürich;058 463 69 00;;3;Pierrinne;Tabouret;819'019;1;;
12593;PMS 12593;;Place de la Gare 34;2790;Zürich;058 463 69 01;lik@bfs.admin.ch;3;Pierrinne;Tabouret;978'578;;;
12594;PMS 12594;;Place de la Gare 34;2790;Zürich;058 463 69 02;;1;Pierrinne;Tabouret;;;;
12595;PMS 12595;;Place de la Gare 34;2790;Zürich;058 463 69 03;lik@bfs.admin.ch;3;Pierrinne;Tabouret;498'686;;;
12596;PMS 12596;;Place de la Gare 34;2790;Zürich;;lik@bfs.admin.ch;1;Pierrinne;Tabouret;347'122;1;;
12597;PMS 12597;;Place de la Gare 34;2790;Zürich;;lik@bfs.admin.ch;1;Pierrinne;Tabouret;521'559;1;;
12805;PMS 12805;;Place de la Gare 34;2790;Zürich;;;3;Pierrinne;Tabouret;819'019;1;;
12837;PMS 12837;Zusatzname;Place de la Gare 34;2790;Zürich;;lik@bfs.admin.ch;1;Pierrinne;Tabouret;;;;
12850;PMS 12850;;Place de la Gare 34;2790;Zürich;;;1;Pierrinne;Tabouret;347'122;1;;
12851;PMS 12851;Zusatzname;Place de la Gare 34;2790;Zürich;;;1;Pierrinne;Tabouret;260'317;;;
12852;PMS 12852;Zusatzname;Place de la Gare 34;2790;Zürich;;;1;Pierrinne;Tabouret;260'317;;;
12854;PMS 12854;;Place de la Gare 34;2790;Zürich;058 463 69 00;lik@bfs.admin.ch;1;Pierrinne;Tabouret;583'832;;;
12873;PMS 12873;Zusatzname;Place de la Gare 34;2790;Zürich;;;2;Pierrinne;Tabouret;549'669;;;
12883;PMS 12883;;Place de la Gare 34;2790;Zürich;;;1;Pierrinne;Tabouret;503'428;1;;
12886;PMS 12886;Zusatzname;Place de la Gare 34;2790;Zürich;;;1;Pierrinne;Tabouret;522'907;;;
12896;PMS 12896;Zusatzname;Place de la Gare 34;2790;Zürich;058 463 69 00;;1;Pierrinne;Tabouret;;;;
12898;PMS 12898;;Place de la Gare 34;2790;Zürich;058 463 69 01;;1;Pierrinne;Tabouret;521'559;1;;
12902;PMS 12902;Zusatzname;Place de la Gare 34;2790;Zürich;058 463 69 02;lik@bfs.admin.ch;1;Pierrinne;Tabouret;157'967;;;
12904;PMS 12904;;Place de la Gare 34;2790;Zürich;058 463 69 03;;1;Pierrinne;Tabouret;;;;
12905;PMS 12905;;Place de la Gare 34;2790;Zürich;058 463 69 00;;1;Pierrinne;Tabouret;805'306;;;
12906;PMS 12906;Zusatzname;Place de la Gare 34;2790;Zürich;058 463 69 01;;1;Pierrinne;Tabouret;805'306;;;
12909;PMS 12909;Zusatzname;Place de la Gare 34;2790;Zürich;058 463 69 02;;1;Pierrinne;Tabouret;538'528;;;
12910;PMS 12910;Zusatzname;Place de la Gare 34;2790;Zürich;058 463 69 03;;1;Pierrinne;Tabouret;;;;
12913;PMS 12913;Zusatzname;Place de la Gare 34;2790;Zürich;058 463 69 00;;3;Pierrinne;Tabouret;978'578;;;
12914;PMS 12914;Zusatzname;Place de la Gare 34;2790;Zürich;058 463 69 01;;3;Pierrinne;Tabouret;498'686;;;
12915;PMS 12915;Zusatzname;Place de la Gare 34;2790;Zürich;058 463 69 02;;3;Pierrinne;Tabouret;819'019;1;;
12918;PMS 12918;;Place de la Gare 34;2790;Zürich;058 463 69 03;;2;Pierrinne;Tabouret;377'335;2;;
12919;PMS 12919;;Place de la Gare 34;2790;Zürich;058 463 69 00;;2;Pierrette;Dupont;549'669;;;
12920;PMS 12920;Zusatzname;Place de la Gare 34;2790;Zürich;058 463 69 01;;2;Pierrette;Dupont;377'335;2;;
12922;PMS 12922;;Place de la Gare 34;2790;Zürich;058 463 69 02;;2;Pierrette;Dupont;549'669;;;
12924;PMS 12924;Zusatzname;Place de la Gare 34;2790;Zürich;058 463 69 03;;2;Pierrette;Dupont;549'669;;;
12925;PMS 12925;Zusatzname;Place de la Gare 34;2790;Zürich;058 463 69 00;;2;Pierrette;Dupont;540'622;;;
12926;PMS 12926;Zusatzname;Place de la Gare 34;2790;Zürich;058 463 69 01;;2;Pierrette;Dupont;549'669;;;
12930;PMS 12930;Zusatzname;Place de la Gare 34;2790;Zürich;058 463 69 02;;1;Pierrette;Dupont;;;;
12931;PMS 12931;Zusatzname;Place de la Gare 34;2790;Zürich;058 463 69 03;;2;Pierrette;Dupont;;;;
12933;PMS 12933;Zusatzname;Place de la Gare 34;2790;Zürich;058 463 69 00;;2;Pierrette;Dupont;;;;
12938;PMS 12938;;Place de la Gare 34;2790;Zürich;058 463 69 01;;1;Pierrette;Dupont;503'428;1;;
13033;PMS 13033;Zusatzname;Place de la Gare 34;2790;Zürich;058 463 69 02;;1;Pierrette;Dupont;;;;
13034;PMS 13034;;Place de la Gare 34;2790;Zürich;058 463 69 03;;1;Pierrette;Dupont;;;;
13050;PMS 13050;;Place de la Gare 34;2790;Zürich;058 463 69 00;;1;Pierrette;Dupont;723'532;;;
13072;PMS 13072;Zusatzname;Place de la Gare 34;2790;Zürich;058 463 69 01;;3;Pierrette;Dupont;498'686;;;
13073;PMS 13073;Zusatzname;Place de la Gare 34;2790;Zürich;058 463 69 02;;1;Pierrette;Dupont;706'674;;;
13094;PMS 13094;;Place de la Gare 34;2790;Zürich;058 463 69 03;;2;Pierrette;Dupont;540'622;;;
13107;PMS 13107;;Place de la Gare 34;2790;Zürich;058 463 69 00;lik@bfs.admin.ch;2;Pierrette;Dupont;540'622;;;
13111;PMS 13111;;Place de la Gare 34;2790;Zürich;058 463 69 01;;1;Pierrette;Dupont;805'306;;;
13116;PMS 13116;;Place de la Gare 34;2790;Zürich;058 463 69 02;;1;Pierrette;Dupont;521'559;1;;
14010;PMS 14010;Zusatzname;Place de la Gare 34;2790;Zürich;058 463 69 03;;1;Pierrette;Dupont;260'317;;;
14069;PMS 14069;Zusatzname;Place de la Gare 34;2790;Zürich;058 463 69 00;;1;Pierrette;Dupont;805'306;;;
14071;PMS 14071;;Place de la Gare 34;2790;Zürich;058 463 69 01;;1;Pierrette;Dupont;157'967;;;
14072;PMS 14072;;Place de la Gare 34;2790;Zürich;058 463 69 02;;1;Pierrette;Dupont;157'967;;;
14073;PMS 14073;Zusatzname;Place de la Gare 34;2790;Zürich;058 463 69 03;;1;Pierrette;Dupont;805'306;;;
14074;PMS 14074;;Place de la Gare 34;2790;Zürich;058 463 69 00;;1;Pierrette;Dupont;805'306;;;
14076;PMS 14076;;Place de la Gare 34;2790;Zürich;058 463 69 01;lik@bfs.admin.ch;1;Pierrette;Dupont;157'967;;;
14077;PMS 14077;;Place de la Gare 34;2790;Zürich;058 463 69 02;;1;Pierrette;Dupont;805'306;;;
14086;PMS 14086;;Place de la Gare 34;2790;Zürich;058 463 69 03;;1;Pierrette;Dupont;;;;
14091;PMS 14091;;Place de la Gare 34;2790;Zürich;058 463 69 00;;1;Pierrette;Dupont;538'528;;;
14095;PMS 14095;;Place de la Gare 34;2790;Zürich;058 463 69 01;;1;Pierrette;Dupont;538'528;;;
14099;PMS 14099;Zusatzname;Place de la Gare 34;2790;Zürich;058 463 69 02;;1;Pierrette;Dupont;538'528;;;
14103;PMS 14103;;Place de la Gare 34;2790;Zürich;058 463 69 03;;1;Pierrette;Dupont;503'428;1;;
14110;PMS 14110;Zusatzname;Place de la Gare 34;2790;Zürich;058 463 69 00;;3;Pierrette;Dupont;978'578;;;
14111;PMS 14111;Zusatzname;Place de la Gare 34;2790;Zürich;058 463 69 01;;3;Pierrette;Dupont;498'686;;;
14114;PMS 14114;Zusatzname;Place de la Gare 34;2790;Zürich;058 463 69 02;;3;Pierrette;Dupont;978'578;;;
14115;PMS 14115;;Place de la Gare 34;2790;Zürich;058 463 69 03;;3;Pierrette;Dupont;498'686;;;
14117;PMS 14117;;Place de la Gare 34;2790;Zürich;058 463 69 03;lik@bfs.admin.ch;3;Pierrette;Dupont;978'578;;;
14120;PMS 14120;;Place de la Gare 34;2790;Zürich;058 463 69 03;;3;Pierrette;Dupont;978'578;;;
14122;PMS 14122;;Place de la Gare 34;2790;Zürich;058 463 69 03;;3;Pierrette;Dupont;819'019;1;;
14123;PMS 14123;;;2790;Zürich;;;3;Pierrette;Dupont;819'019;1;;
14163;PMS 14163;;Place de la Gare 34;2790;Zürich;;;1;Pierrette;Dupont;260'317;;;
14164;PMS 14164;;Place de la Gare 34;2790;Zürich;;;1;Pierrette;Dupont;260'317;;;
14179;PMS 14179;;Place de la Gare 34;2790;Zürich;058 463 69 00;lik@bfs.admin.ch;2;Pierrette;Dupont;;;;
14180;PMS 14180;;Place de la Gare 34;2790;Zürich;058 463 69 01;;2;Pierrette;Dupont;;;;
14181;PMS 14181;;Place de la Gare 34;2790;Zürich;058 463 69 02;lik@bfs.admin.ch;2;Pierrette;Dupont;;;;
14185;PMS 14185;;Place de la Gare 34;2790;Zürich;058 463 69 03;;2;Pierrette;Dupont;;;;
14186;PMS 14186;;Place de la Gare 34;2790;Zürich;058 463 69 00;;2;Pierrette;Dupont;;;;
14187;PMS 14187;;Place de la Gare 34;2790;Zürich;058 463 69 01;;2;Pierrette;Dupont;;;;
14188;PMS 14188;Zusatzname;Place de la Gare 34;2790;Zürich;058 463 69 02;;2;Pierrette;Dupont;;;;
14191;PMS 14191;;Place de la Gare 34;2790;Zürich;058 463 69 03;lik@bfs.admin.ch;2;Pierrette;Dupont;549'669;;;
14192;PMS 14192;;Place de la Gare 34;2790;Zürich;058 463 69 00;;2;Pierrette;Dupont;;;;
14195;PMS 14195;Zusatzname;Place de la Gare 34;2790;Zürich;058 463 69 01;;2;Pierrette;Dupont;377'335;2;;
14199;PMS 14199;;Place de la Gare 34;2790;Zürich;058 463 69 02;;2;Pierrette;Dupont;540'622;;;
14200;PMS 14200;;Place de la Gare 34;2790;Zürich;058 463 69 03;;2;Pierrette;Dupont;377'335;2;;
14202;PMS 14202;;Place de la Gare 34;2790;Zürich;058 463 69 00;;2;Pierrette;Dupont;377'335;2;;
14209;PMS 14209;;Place de la Gare 34;2790;Zürich;058 463 69 01;;2;Pierrette;Dupont;549'669;;;
14211;PMS 14211;;Place de la Gare 34;2790;Zürich;058 463 69 02;lik@bfs.admin.ch;2;Pierrette;Dupont;549'669;;;
14212;PMS 14212;Zusatzname;Place de la Gare 34;2790;Zürich;058 463 69 03;;2;Pierrette;Dupont;549'669;;;
14213;PMS 14213;;Place de la Gare 34;2790;Zürich;058 463 69 00;lik@bfs.admin.ch;2;Pierrette;Dupont;549'669;;;
14214;PMS 14214;;Place de la Gare 34;2790;Zürich;058 463 69 01;;2;Pierrette;Dupont;540'622;;;
14215;PMS 14215;;Place de la Gare 34;2790;Zürich;058 463 69 02;;2;Pierrette;Dupont;540'622;;;
14216;PMS 14216;Zusatzname;Place de la Gare 34;2790;Zürich;058 463 69 03;;2;Pierrette;Dupont;540'622;;;
14223;PMS 14223;;Place de la Gare 34;2790;Zürich;058 463 69 00;;1;Pierrette;Dupont;805'306;;;
14224;PMS 14224;;Place de la Gare 34;2790;Zürich;058 463 69 01;;1;Pierrette;Dupont;347'122;1;;
14233;PMS 14233;;Place de la Gare 34;2790;Zürich;058 463 69 02;;1;Pierrette;Dupont;;;;
14235;PMS 14235;;Place de la Gare 34;2790;Zürich;058 463 69 03;;1;Pierrette;Dupont;521'559;1;;
14243;PMS 14243;;Place de la Gare 34;2790;Zürich;058 463 69 00;;1;Pierrette;Dupont;549'669;;;
14245;PMS 14245;Zusatzname;Place de la Gare 34;2790;Zürich;058 463 69 01;;2;Pierrette;Dupont;549'669;;;
14251;PMS 14251;;Place de la Gare 34;2790;Zürich;058 463 69 02;;3;Pierrette;Dupont;819'019;1;;
14264;PMS 14264;;Place de la Gare 34;2790;Zürich;058 463 69 03;;2;Pierrette;Dupont;;;;
14267;PMS 14267;;Place de la Gare 34;2790;Zürich;058 463 69 00;;1;Pierrette;Dupont;805'306;;;
14272;PMS 14272;;Place de la Gare 34;2790;Zürich;058 463 69 01;;1;Pierrette;Dupont;583'832;;;
14280;PMS 14280;Zusatzname;Place de la Gare 34;2790;Zürich;058 463 69 02;;1;Pierrette;Dupont;503'428;1;;
14286;PMS 14286;Zusatzname;Place de la Gare 34;2790;Zürich;058 463 69 03;;3;Pierrette;Dupont;498'686;;;
14300;PMS 14300;;Place de la Gare 34;2790;Zürich;058 463 69 00;;1;Pierrette;Dupont;157'967;;;
14302;PMS 14302;Zusatzname;Place de la Gare 34;2790;Zürich;058 463 69 01;;1;Pierrette;Dupont;583'832;;;
14352;PMS 14352;;Place de la Gare 34;2790;Zürich;058 463 69 02;;1;Pierrette;Dupont;;;;
14353;PMS 14353;;Place de la Gare 34;2790;Zürich;058 463 69 03;;1;Pierrette;Dupont;503'428;1;;
14356;PMS 14356;;Place de la Gare 34;2790;Zürich;058 463 69 00;;2;Pierrette;Dupont;;;;
14364;PMS 14364;Zusatzname;Place de la Gare 34;2790;Zürich;058 463 69 01;;1;Pierrette;Dupont;347'122;1;;
14366;PMS 14366;Zusatzname;Place de la Gare 34;2790;Zürich;058 463 69 02;;1;Pierrette;Dupont;347'122;1;;
14371;PMS 14371;Zusatzname;Place de la Gare 34;2790;Zürich;058 463 69 03;;3;Pierrette;Dupont;498'686;;;
14372;PMS 14372;Zusatzname;Place de la Gare 34;2790;Zürich;058 463 69 00;;1;Pierrette;Dupont;723'532;;;
14373;PMS 14373;;Place de la Gare 34;2790;Zürich;058 463 69 01;;2;Pierrette;Dupont;549'669;;;
14374;PMS 14374;Zusatzname;Place de la Gare 34;2790;Zürich;058 463 69 02;;2;Pierrette;Dupont;549'669;;;
14376;PMS 14376;Zusatzname;Place de la Gare 34;2790;Zürich;058 463 69 03;;1;Pierrette;Dupont;583'832;;;
14377;PMS 14377;Zusatzname;Place de la Gare 34;2790;Zürich;058 463 69 00;;3;Pierrette;Dupont;498'686;;;
14378;PMS 14378;;Place de la Gare 34;2790;Zürich;058 463 69 01;;3;Pierrette;Dupont;498'686;;;
14384;PMS 14384;Zusatzname;Place de la Gare 34;2790;Zürich;058 463 69 02;;1;Pierrette;Dupont;538'528;;;
14386;PMS 14386;;Place de la Gare 34;2790;Zürich;058 463 69 03;lik@bfs.admin.ch;1;Pierrette;Dupont;538'528;;;
14390;PMS 14390;;Place de la Gare 34;2790;Zürich;;;2;Pierrette;Dupont;540'622;;;
14394;PMS 14394;;Place de la Gare 34;2790;Zürich;;;1;Patrick;Muster;347'122;1;;
14397;PMS 14397;;Place de la Gare 34;2790;Zürich;;;1;Patrick;Muster;503'428;1;;
14401;PMS 14401;;Place de la Gare 34;2790;Zürich;;;1;Patrick;Muster;521'559;1;;
14403;PMS 14403;;Place de la Gare 34;2790;Zürich;;;2;Patrick;Muster;;;;
14406;PMS 14406;Zusatzname;Place de la Gare 34;2790;Zürich;;;2;Patrick;Muster;549'669;;;
14407;PMS 14407;;Place de la Gare 34;2790;Zürich;;;1;Patrick;Muster;538'528;;;
14409;PMS 14409;;Place de la Gare 34;2790;Zürich;058 463 69 00;;1;Patrick;Muster;347'122;1;;
14410;PMS 14410;Zusatzname;Place de la Gare 34;2790;Zürich;;;1;Patrick;Muster;347'122;1;;
14411;PMS 14411;Zusatzname;Place de la Gare 34;2790;Zürich;;;1;Patrick;Muster;521'559;1;;
14412;PMS 14412;;Place de la Gare 34;2790;Zürich;;;2;Patrick;Muster;377'335;2;;
14413;PMS 14413;;Place de la Gare 34;2790;Zürich;058 463 69 00;;2;Patrick;Muster;540'622;;;
14415;PMS 14415;;Place de la Gare 34;2790;Zürich;058 463 69 01;;1;Patrick;Muster;;;;
14421;PMS 14421;Zusatzname;Place de la Gare 34;2790;Zürich;058 463 69 02;;2;Patrick;Muster;549'669;;;
14422;PMS 14422;Zusatzname;Place de la Gare 34;2790;Zürich;058 463 69 03;;1;Patrick;Muster;;;;
14423;PMS 14423;;Place de la Gare 34;2790;Zürich;058 463 69 00;;1;Patrick;Muster;;;;
14426;PMS 14426;;Place de la Gare 34;2790;Zürich;058 463 69 01;;3;Patrick;Muster;819'019;1;;
14427;PMS 14427;Zusatzname;Place de la Gare 34;2790;Zürich;058 463 69 02;lik@bfs.admin.ch;3;Patrick;Muster;978'578;;;
14434;PMS 14434;Zusatzname;Place de la Gare 34;2790;Zürich;058 463 69 03;;2;Patrick;Muster;;;;
14438;PMS 14438;Zusatzname;Place de la Gare 34;2790;Zürich;058 463 69 00;;1;Patrick;Muster;522'907;;;
14446;PMS 14446;;Place de la Gare 34;2790;Zürich;058 463 69 01;;1;Patrick;Muster;583'832;;;
14447;PMS 14447;;Place de la Gare 34;2790;Zürich;058 463 69 02;;3;Patrick;Muster;498'686;;;
14448;PMS 14448;;Place de la Gare 34;2790;Zürich;058 463 69 03;;1;Patrick;Muster;157'967;;;
14455;PMS 14455;;Place de la Gare 34;2790;Zürich;058 463 69 00;;2;Patrick;Muster;653'724;;;
14456;PMS 14456;;Place de la Gare 34;2790;Zürich;058 463 69 01;;3;Patrick;Muster;978'578;;;
14457;PMS 14457;Zusatzname;Place de la Gare 34;2790;Zürich;058 463 69 02;;3;Patrick;Muster;978'578;;;
14460;PMS 14460;;Place de la Gare 34;2790;Zürich;058 463 69 03;;2;Patrick;Muster;377'335;2;;
14462;PMS 14462;Zusatzname;Place de la Gare 34;2790;Zürich;058 463 69 00;;2;Patrick;Muster;549'669;;;
14465;PMS 14465;Zusatzname;Place de la Gare 34;2790;Zürich;058 463 69 01;;1;Patrick;Muster;503'428;1;;
14467;PMS 14467;;Place de la Gare 34;2790;Zürich;058 463 69 02;;1;Patrick;Muster;347'122;1;;
14468;PMS 14468;;Place de la Gare 34;2790;Zürich;058 463 69 03;;2;Patrick;Muster;549'669;;;
14473;PMS 14473;;Place de la Gare 34;2790;Zürich;058 463 69 00;;1;Patrick;Muster;;;;
14483;PMS 14483;;Place de la Gare 34;2790;Zürich;058 463 69 01;;2;Patrick;Muster;540'622;;;
14484;PMS 14484;Zusatzname;Place de la Gare 34;2790;Zürich;058 463 69 02;;1;Patrick;Muster;;;;
14485;PMS 14485;;Place de la Gare 34;2790;Zürich;058 463 69 03;;2;Patrick;Muster;549'669;;;
14487;PMS 14487;;Place de la Gare 34;2790;Zürich;058 463 69 00;;1;Patrick;Muster;805'306;;;
14489;PMS 14489;;Place de la Gare 34;2790;Zürich;058 463 69 01;;1;Patrick;Muster;;;;
14494;PMS 14494;Zusatzname;Place de la Gare 34;2790;Zürich;058 463 69 02;;1;Patrick;Muster;522'907;;;
14495;PMS 14495;;Place de la Gare 34;2790;Zürich;058 463 69 03;;1;Patrick;Muster;260'317;;;
14499;PMS 14499;;Place de la Gare 34;2790;Zürich;058 463 69 00;lik@bfs.admin.ch;2;Patrick;Muster;540'622;;;
14501;PMS 14501;;Place de la Gare 34;2790;Zürich;058 463 69 01;;1;Patrick;Muster;157'967;;;
14505;PMS 14505;;Place de la Gare 34;2790;Zürich;058 463 69 02;;2;Patrick;Muster;540'622;;;
14508;PMS 14508;;Place de la Gare 34;2790;Zürich;058 463 69 03;lik@bfs.admin.ch;1;Patrick;Muster;503'428;1;;
14513;PMS 14513;;Place de la Gare 34;2790;Zürich;058 463 69 00;;1;Patrick;Muster;521'559;1;;
14515;PMS 14515;;Place de la Gare 34;2790;Zürich;058 463 69 01;;1;Patrick;Muster;538'528;;;
14518;PMS 14518;Zusatzname;Place de la Gare 34;2790;Zürich;058 463 69 02;;1;Patrick;Muster;805'306;;;
14524;PMS 14524;Zusatzname;Place de la Gare 34;2790;Zürich;058 463 69 03;lik@bfs.admin.ch;1;Patrick;Muster;347'122;1;;
14525;PMS 14525;;Place de la Gare 34;2790;Zürich;058 463 69 00;;1;Patrick;Muster;538'528;;;
14527;PMS 14527;;Place de la Gare 34;2790;Zürich;058 463 69 01;;1;Patrick;Muster;;;;
14529;PMS 14529;;Place de la Gare 34;2790;Zürich;058 463 69 02;;3;Patrick;Muster;498'686;;;
14530;PMS 14530;Zusatzname;Place de la Gare 34;2790;Zürich;058 463 69 03;;1;Patrick;Muster;583'832;;;
14531;PMS 14531;Zusatzname;Place de la Gare 34;2790;Zürich;058 463 69 00;lik@bfs.admin.ch;1;Patrick;Muster;157'967;;;
14532;PMS 14532;Zusatzname;Place de la Gare 34;2790;Zürich;058 463 69 01;;1;Patrick;Muster;521'559;1;;
14533;PMS 14533;;Place de la Gare 34;2790;Zürich;058 463 69 02;;1;Patrick;Muster;583'832;;;
14535;PMS 14535;;Place de la Gare 34;2790;Zürich;058 463 69 03;lik@bfs.admin.ch;1;Patrick;Muster;583'832;;;
14537;PMS 14537;;Place de la Gare 34;2790;Zürich;058 463 69 00;;2;Patrick;Muster;;;;
14540;PMS 14540;Zusatzname;Place de la Gare 34;2790;Zürich;058 463 69 01;;3;Patrick;Muster;978'578;;;
14542;PMS 14542;;Place de la Gare 34;2790;Zürich;058 463 69 02;;2;Patrick;Muster;540'622;;;
14543;PMS 14543;;Place de la Gare 34;2790;Zürich;058 463 69 03;;1;Patrick;Muster;522'907;;;
14545;PMS 14545;;Place de la Gare 34;2790;Zürich;058 463 69 03;;2;Patrick;Muster;540'622;;;
14547;PMS 14547;Zusatzname;Place de la Gare 34;2790;Zürich;058 463 69 03;;1;Patrick;Muster;260'317;;;
14550;PMS 14550;;Place de la Gare 34;2790;Zürich;058 463 69 03;;2;Patrick;Muster;549'669;;;
14552;PMS 14552;;Place de la Gare 34;2790;Zürich;;;2;Patrick;Muster;540'622;;;
14553;PMS 14553;Zusatzname;Place de la Gare 34;6800;Lugano;;;2;Patrick;Muster;540'622;;;
14555;PMS 14555;;Place de la Gare 34;6800;Lugano;;;1;Patrick;Muster;583'832;;;
14556;PMS 14556;;Place de la Gare 34;6800;Lugano;058 463 69 00;;1;Patrick;Muster;522'907;;;
14557;PMS 14557;;Place de la Gare 34;6800;Lugano;058 463 69 01;;1;Patrick;Muster;;;;
14558;PMS 14558;;Place de la Gare 34;6800;Lugano;058 463 69 02;;2;Patrick;Muster;377'335;2;;
14559;PMS 14559;;Place de la Gare 34;6800;Lugano;058 463 69 03;;1;Patrick;Muster;522'907;;;
14561;PMS 14561;;Place de la Gare 34;6800;Lugano;058 463 69 00;;1;Patrick;Muster;347'122;1;;
14562;PMS 14562;;Place de la Gare 34;6800;Lugano;058 463 69 01;;1;Patrick;Muster;157'967;;;
14564;PMS 14564;Zusatzname;Place de la Gare 34;6800;Lugano;058 463 69 02;lik@bfs.admin.ch;1;Patrick;Muster;521'559;1;;
14565;PMS 14565;;Place de la Gare 34;6800;Lugano;058 463 69 03;;2;Patrick;Muster;;;;
14566;PMS 14566;Zusatzname;Place de la Gare 34;6800;Lugano;058 463 69 00;;1;Patrick;Muster;347'122;1;;
14567;PMS 14567;;Place de la Gare 34;6800;Lugano;058 463 69 01;;2;Patrick;Muster;540'622;;;
14568;PMS 14568;Zusatzname;Place de la Gare 34;6800;Lugano;058 463 69 02;;1;Patrick;Muster;521'559;1;;
14569;PMS 14569;;Place de la Gare 34;6800;Lugano;058 463 69 03;;1;Patrick;Muster;503'428;1;;
14570;PMS 14570;;Place de la Gare 34;6800;Lugano;058 463 69 00;;1;Patrick;Muster;;;;
14571;PMS 14571;;Place de la Gare 34;6800;Lugano;058 463 69 01;;1;Patrick;Muster;;;;
14572;PMS 14572;;Place de la Gare 34;6800;Lugano;058 463 69 02;;1;Patrick;Muster;538'528;;;
14573;PMS 14573;Zusatzname;Place de la Gare 34;6800;Lugano;058 463 69 03;;3;Patrick;Muster;819'019;1;;
14576;PMS 14576;Zusatzname;Place de la Gare 34;6800;Lugano;058 463 69 00;;1;Patrick;Muster;;;;
14577;PMS 14577;;Place de la Gare 34;6800;Lugano;058 463 69 01;;1;Patrick;Muster;347'122;1;;
14578;PMS 14578;;Place de la Gare 34;6800;Lugano;058 463 69 02;;3;Patrick;Muster;498'686;;;
14579;PMS 14579;;Place de la Gare 34;6800;Lugano;058 463 69 03;;2;Patrick;Muster;377'335;2;;
14580;PMS 14580;;Place de la Gare 34;6800;Lugano;058 463 69 00;;2;Patrick;Muster;377'335;2;;
14581;PMS 14581;;Place de la Gare 34;6800;Lugano;058 463 69 01;;1;Patrick;Muster;;;;
14582;PMS 14582;;Place de la Gare 34;6800;Lugano;058 463 69 02;;2;Patrick;Muster;;;;
14583;PMS 14583;Zusatzname;Place de la Gare 34;6800;Lugano;058 463 69 03;;1;Patrick;Muster;538'528;;;
14584;PMS 14584;;Place de la Gare 34;6800;Lugano;058 463 69 00;;1;Patrick;Muster;;;;
14585;PMS 14585;;Place de la Gare 34;6800;Lugano;058 463 69 01;;1;Patrick;Muster;538'528;;;
14586;PMS 14586;;Place de la Gare 34;6800;Lugano;058 463 69 02;;2;Patrick;Muster;;;;
14587;PMS 14587;;Place de la Gare 34;6800;Lugano;058 463 69 03;;2;Patrick;Muster;;;;
14589;PMS 14589;;Place de la Gare 34;6800;Lugano;058 463 69 00;;1;Patrick;Muster;347'122;1;;
14592;PMS 14592;;Place de la Gare 34;6800;Lugano;058 463 69 01;;1;Patrick;Muster;347'122;1;;
14594;PMS 14594;;Place de la Gare 34;6800;Lugano;058 463 69 02;;1;Patrick;Muster;260'317;;;
14595;PMS 14595;;Place de la Gare 34;6800;Lugano;058 463 69 03;;1;Patrick;Muster;583'832;;;
14596;PMS 14596;;Place de la Gare 34;6800;Lugano;058 463 69 00;;2;Patrick;Muster;549'669;;;
14600;PMS 14600;;Place de la Gare 34;6800;Lugano;058 463 69 01;;3;Patrick;Muster;498'686;;;
14601;PMS 14601;;Place de la Gare 34;6800;Lugano;058 463 69 02;;2;Patrick;Muster;377'335;2;;
14602;PMS 14602;;Place de la Gare 34;6800;Lugano;058 463 69 03;;1;Patrick;Muster;157'967;;;
14605;PMS 14605;;Place de la Gare 34;6800;Lugano;058 463 69 00;;1;Patrick;Muster;503'428;1;;
14606;PMS 14606;;Place de la Gare 34;6800;Lugano;058 463 69 01;;2;Patrick;Muster;;;;
14607;PMS 14607;;Place de la Gare 34;6800;Lugano;058 463 69 02;lik@bfs.admin.ch;;Patrick;Muster;;;;
14609;PMS 14609;Zusatzname;Place de la Gare 34;6800;Lugano;058 463 69 03;;2;Patrick;Muster;540'622;;;
14613;PMS 14613;;Place de la Gare 34;6800;Lugano;058 463 69 00;;2;Patrick;Muster;549'669;;;
14614;PMS 14614;;Place de la Gare 34;6800;Lugano;058 463 69 01;;;Patrick;Muster;;;;
14615;PMS 14615;;;6800;Lugano;058 463 69 02;;1;Patrick;Muster;583'832;;;
14616;PMS 14616;;Route de la Rue 2 b;6800;Lugano;058 463 69 03;lik@bfs.admin.ch;1;Patrick;Muster;503'428;1;;
14617;PMS 14617;;Route de la Rue 2 b;6800;Lugano;058 463 69 00;lik@bfs.admin.ch;1;Patrick;Muster;503'428;1;;
14622;PMS 14622;Zusatzname;Route de la Rue 2 b;6800;Lugano;058 463 69 01;lik@bfs.admin.ch;1;Patrick;Muster;521'559;1;;
14624;PMS 14624;Zusatzname;Route de la Rue 2 b;6800;Lugano;058 463 69 02;;1;Patrick;Muster;;;;
16022;PMS 16022;Zusatzname;Route de la Rue 2 b;6800;Lugano;058 463 69 03;;2;Patrick;Muster;;;;
16025;PMS 16025;;Route de la Rue 2 b;6800;Lugano;;;1;Patrick;Muster;521'559;1;;
16391;PMS 16391;;Route de la Rue 2 b;6800;Lugano;;;1;Patrick;Muster;121'651;;;
16395;PMS 16395;;Route de la Rue 2 b;6800;Lugano;;;1;Patrick;Muster;121'651;;;
16396;PMS 16396;;Route de la Rue 2 b;6800;Lugano;;;1;Patrick;Muster;121'651;;;
16563;PMS 16563;;Route de la Rue 2 b;6800;Lugano;;lik@bfs.admin.ch;1;Patrick;Muster;731'703;;;
16564;PMS 16564;;Route de la Rue 2 b;49479;Freiburg;;lik@bfs.admin.ch;1;Patrick;Muster;731'703;;;
16602;PMS 16602;;Route de la Rue 2 b;2135;Lucerne;;;1;Patrick;Muster;;;;
16603;PMS 16603;Zusatzname;Route de la Rue 2 b;2135;Lucerne;;;1;Patrick;Muster;;;;
16604;PMS 16604;;Route de la Rue 2 b;2135;Lucerne;058 463 69 01;;1;Patrick;Muster;;;;
16605;PMS 16605;;Route de la Rue 2 b;2135;Lucerne;058 463 69 02;;1;Patrick;Muster;347'122;1;;
17670;PMS 17670;;Route de la Rue 2 b;2135;Lucerne;058 463 69 03;;1;Patrick;Muster;;;;
17671;PMS 17671;;Route de la Rue 2 b;2135;Lucerne;058 463 69 00;;1;Patrick;Muster;790'682;;;
17672;PMS 17672;;Route de la Rue 2 b;2135;Lucerne;058 463 69 01;;;Patrick;Muster;538'528;;;
18000;PMS 18000;;;;Lucerne;058 463 69 02;;2;Patrick;Muster;549'669;;;
18001;PMS 18001;;Route de la Rue 2 b;2135;Lucerne;058 463 69 03;lik@bfs.admin.ch;1;Patrick;Muster;538'528;;;
18002;PMS 18002;;Route de la Rue 2 b;2135;Lucerne;058 463 69 00;lik@bfs.admin.ch;1;Patrick;Muster;157'967;;;
